x,y,z,color
0.002258301,-1.07E-04,0.0078125,0
0.006744385,-3.05E-04,0.02355957,0
0.011260986,-5.04E-04,0.03930664,0
0.01574707,-7.02E-04,0.05493164,0
0.018859863,-0.001693726,0.06713867,0
0.02053833,-0.003494263,0.075683594,0
0.022247314,-0.0052948,0.084350586,0
0.023956299,-0.007095337,0.09289551,0
0.025634766,-0.008895874,0.10144043,0
0.02734375,-0.010696411,0.11010742,0
0.02835083,-0.012802124,0.1171875,0
0.028656006,-0.015197754,0.122680664,0
0.027954102,-0.0184021,0.12805176,0
0.026245117,-0.022399902,0.13317871,0
0.02279663,-0.027252197,0.13830566,0
0.017608643,-0.032943726,0.14318848,0
0.012390137,-0.038650513,0.14807129,0
0.007202148,-0.0443573,0.1529541,0
0.00201416,-0.050048828,0.15783691,0
-0.003204346,-0.055755615,0.16271973,0
-0.008392334,-0.061447144,0.16760254,0
-0.016052246,-0.06695557,0.17370605,0
-0.026153564,-0.072250366,0.1809082,0
-0.036254883,-0.077545166,0.18811035,0
-0.0463562,-0.082855225,0.1953125,0
-0.05633545,-0.0874939,0.20605469,0
-0.06625366,-0.09150696,0.22033691,0
-0.07614136,-0.09550476,0.23461914,0
-0.08605957,-0.09950256,0.24890137,0
-0.095947266,-0.103500366,0.26330566,0
-0.10583496,-0.10749817,0.2775879,0
-0.11645508,-0.110946655,0.2919922,0
-0.12774658,-0.113845825,0.3067627,0
-0.13903809,-0.116744995,0.32141113,0
-0.1503601,-0.119644165,0.33618164,0
-0.16165161,-0.122543335,0.35083008,0
-0.17404175,-0.12519836,0.3647461,0
-0.18756104,-0.127594,0.37805176,0
-0.2010498,-0.13000488,0.39123535,0
-0.21466064,-0.13209534,0.40478516,0
-0.22836304,-0.13389587,0.41882324,0
-0.24203491,-0.13569641,0.43273926,0
-0.2557373,-0.13749695,0.44677734,0
-0.26901245,-0.13909912,0.45996094,0
-0.28179932,-0.14050293,0.4720459,0
-0.2937622,-0.14149475,0.4819336,0
-0.3048401,-0.1421051,0.4892578,0
-0.3159485,-0.1427002,0.4967041,0
-0.32705688,-0.14329529,0.5041504,0
-0.33813477,-0.14390564,0.5114746,0
-0.3467102,-0.14445496,0.5185547,0
-0.35269165,-0.14494324,0.5253906,0
-0.3587036,-0.14544678,0.53222656,0
-0.36468506,-0.14595032,0.5389404,0
-0.37069702,-0.14645386,0.54577637,0
-0.37670898,-0.14720154,0.55163574,0
-0.38269043,-0.14819336,0.5563965,0
-0.3887024,-0.14920044,0.5611572,0
-0.39471436,-0.15020752,0.56604004,0
-0.39996338,-0.15344238,0.5710449,0
-0.40444946,-0.1589508,0.5761719,0
-0.40893555,-0.16444397,0.5814209,0
-0.41345215,-0.1699524,0.58654785,0
-0.41793823,-0.17544556,0.5917969,0
-0.42245483,-0.18095398,0.5970459,0
-0.4248352,-0.1875,0.60583496,0
-0.42514038,-0.19509888,0.6184082,0
-0.42544556,-0.20269775,0.6308594,0
-0.42575073,-0.21029663,0.64331055,0
-0.4260559,-0.21789551,0.6558838,0
-0.42700195,-0.22445679,0.6697998,0
-0.42858887,-0.22994995,0.68518066,0
-0.4302063,-0.23544312,0.7005615,0
-0.4317932,-0.24095154,0.7159424,0
-0.43341064,-0.2464447,0.7314453,0
-0.4343567,-0.25169373,0.7491455,0
-0.43466187,-0.2566986,0.76904297,0
-0.43493652,-0.2617035,0.7890625,0
-0.4352417,-0.26669312,0.80908203,0
-0.43554688,-0.271698,0.82910156,0
-0.43466187,-0.27545166,0.8491211,0
-0.43255615,-0.2779541,0.8691406,0
-0.43045044,-0.28045654,0.88916016,0
-0.42834473,-0.28294373,0.9090576,0
-0.42559814,-0.28474426,0.9283447,0
-0.4222107,-0.2858429,0.9466553,0
-0.41879272,-0.2869568,0.9650879,0
-0.41540527,-0.28805542,0.9835205,0
-0.4119873,-0.28915405,1.0019531,0
-0.40838623,-0.29034424,1.0198975,0
-0.40460205,-0.2916565,1.0375977,0
-0.40078735,-0.2929535,1.0552979,0
-0.39700317,-0.2942505,1.072998,0
-0.39318848,-0.29580688,1.088501,0
-0.3894043,-0.29760742,1.1018066,0
-0.3855896,-0.2993927,1.1151123,0
-0.38180542,-0.30119324,1.128418,0
-0.37799072,-0.30299377,1.1417236,0
-0.37420654,-0.3047943,1.1550293,0
-0.3710022,-0.3070984,1.1663818,0
-0.3684082,-0.309906,1.1757812,0
-0.3658142,-0.31269836,1.1851807,0
-0.3631897,-0.31550598,1.1945801,0
-0.3623352,-0.3191986,1.2020264,0
-0.36325073,-0.32380676,1.2073975,0
-0.36413574,-0.32839966,1.2127686,0
-0.36505127,-0.33299255,1.2181396,0
-0.36593628,-0.3376007,1.2236328,0
-0.3668518,-0.3421936,1.2290039,0
-0.36889648,-0.3475952,1.2337646,0
-0.37210083,-0.35380554,1.2380371,0
-0.37530518,-0.3600006,1.2421875,0
-0.37850952,-0.36619568,1.2463379,0
-0.38171387,-0.372406,1.2506104,0
-0.3880005,-0.3789978,1.2550049,0
-0.3973999,-0.3860016,1.2593994,0
-0.40679932,-0.39300537,1.263916,0
-0.41619873,-0.3999939,1.2684326,0
-0.42559814,-0.40699768,1.2729492,0
-0.43655396,-0.41325378,1.2799072,0
-0.44903564,-0.41874695,1.2894287,0
-0.46154785,-0.42425537,1.2989502,0
-0.47406006,-0.42974854,1.3084717,0
-0.48623657,-0.43460083,1.3200684,0
-0.49813843,-0.438797,1.3337402,0
-0.5100403,-0.44299316,1.3474121,0
-0.52194214,-0.4472046,1.361206,0
-0.533844,-0.45140076,1.3748779,0
-0.5456848,-0.45480347,1.3892822,0
-0.5574951,-0.45739746,1.4042969,0
-0.5693054,-0.4600067,1.4194336,0
-0.5810852,-0.4626007,1.4345703,0
-0.5928955,-0.4651947,1.449707,0
-0.6047058,-0.46780396,1.4647217,0
-0.61654663,-0.46949768,1.4780273,0
-0.6284485,-0.4703064,1.489502,0
-0.64035034,-0.47109985,1.5010986,0
-0.6522522,-0.4718933,1.5125732,0
-0.66415405,-0.47270203,1.5240479,0
-0.6759949,-0.4733429,1.536499,0
-0.6878052,-0.47384644,1.5498047,0
-0.69958496,-0.47434998,1.5629883,0
-0.71139526,-0.47485352,1.576294,0
-0.72320557,-0.47535706,1.5895996,0
-0.73498535,-0.47584534,1.6029053,0
-0.74679565,-0.47634888,1.6162109,0
-0.7591858,-0.47659302,1.6276855,0
-0.7721863,-0.47659302,1.6373291,0
-0.78518677,-0.47659302,1.6468506,0
-0.79818726,-0.47659302,1.6564941,0
-0.8092041,-0.4764557,1.6662598,0
-0.8182068,-0.4761505,1.6762695,0
-0.8272095,-0.47584534,1.6862793,0
-0.83621216,-0.47555542,1.6962891,0
-0.84521484,-0.47525024,1.7062988,0
-0.854187,-0.47494507,1.7163086,0
-0.862854,-0.4750061,1.7247314,0
-0.8711548,-0.47540283,1.7314453,0
-0.87945557,-0.47579956,1.7382812,0
-0.88775635,-0.4761963,1.7451172,0
-0.8947449,-0.4780426,1.7503662,0
-0.90045166,-0.48135376,1.7540283,0
-0.90615845,-0.48464966,1.7576904,0
-0.9118347,-0.48794556,1.7614746,0
-0.9175415,-0.4912567,1.7651367,0
-0.9213562,-0.4967041,1.7709961,0
-0.9232483,-0.504303,1.7790527,0
-0.9251404,-0.51190186,1.7869873,0
-0.9259033,-0.5189972,1.7982178,0
-0.9255066,-0.52560425,1.8127441,0
-0.92510986,-0.53219604,1.8272705,0
-0.92471313,-0.5388031,1.8417969,0
-0.92526245,-0.54460144,1.8581543,0
-0.9267578,-0.5496063,1.8765869,0
-0.927063,-0.55345154,1.8952637,0
-0.92614746,-0.55615234,1.9143066,0
-0.92526245,-0.55885315,1.9333496,0
-0.9243469,-0.56155396,1.9522705,0
-0.9232483,-0.5633545,1.9718018,0
-0.92193604,-0.56425476,1.9918213,0
-0.9206543,-0.565155,2.0118408,0
-0.91934204,-0.5660553,2.0318604,0
-0.9180603,-0.56695557,2.0517578,0
-0.91674805,-0.5676575,2.0700684,0
-0.9154358,-0.56814575,2.08667,0
-0.91415405,-0.5686493,2.1032715,0
-0.9128418,-0.56915283,2.119873,0
-0.9107971,-0.5691986,2.1345215,0
-0.9079895,-0.5688019,2.1472168,0
-0.9052124,-0.56840515,2.159912,0
-0.9024048,-0.56799316,2.1726074,0
-0.89959717,-0.56759644,2.1853027,0
-0.8976135,-0.56799316,2.1964111,0
-0.8963928,-0.5691986,2.2058105,0
-0.89520264,-0.57040405,2.21521,0
-0.894989,-0.57225037,2.2227783,0
-0.895813,-0.5747528,2.2286377,0
-0.89660645,-0.57725525,2.234375,0
-0.8973999,-0.57974243,2.2402344,0
-0.89819336,-0.5822449,2.2459717,0
-0.9002075,-0.5858002,2.251587,0
-0.90341187,-0.59039307,2.256836,0
-0.9065857,-0.5950012,2.262207,0
-0.90979004,-0.5995941,2.267456,0
-0.9129944,-0.6042023,2.272705,0
-0.91830444,-0.60964966,2.2780762,0
-0.9256897,-0.61595154,2.2834473,0
-0.93310547,-0.6222534,2.2889404,0
-0.9404907,-0.6285553,2.2943115,0
-0.9479065,-0.6348572,2.2996826,0
-0.95529175,-0.6411438,2.3050537,0
-0.96398926,-0.6468048,2.312378,0
-0.973999,-0.65179443,2.3214111,0
-0.9840088,-0.6567993,2.3305664,0
-0.99398804,-0.6618042,2.3395996,0
-1.0039978,-0.6667938,2.348755,0
-1.0149536,-0.6713562,2.3601074,0
-1.0268555,-0.67544556,2.3735352,0
-1.0387573,-0.6795502,2.387085,0
-1.0506592,-0.6836548,2.4005127,0
-1.0625916,-0.6871033,2.4143066,0
-1.074585,-0.68989563,2.4284668,0
-1.0866089,-0.69270325,2.442505,0
-1.0986023,-0.6954956,2.456665,0
-1.1105957,-0.6983032,2.4707031,0
-1.1224976,-0.7006531,2.484253,0
-1.1343079,-0.70254517,2.4969482,0
-1.1460876,-0.7044525,2.5097656,0
-1.157898,-0.7063446,2.522583,0
-1.1697083,-0.70825195,2.5354004,0
-1.1818848,-0.7098999,2.5482178,0
-1.1944885,-0.7113037,2.5611572,0
-1.2070923,-0.71269226,2.5740967,0
-1.219696,-0.71409607,2.586914,0
-1.2322998,-0.7154999,2.5998535,0
-1.2449036,-0.7169037,2.612793,0
-1.2575378,-0.7181549,2.6247559,0
-1.2702637,-0.71925354,2.6357422,0
-1.282959,-0.7203522,2.6467285,0
-1.2956543,-0.7214508,2.6577148,0
-1.3067017,-0.7223511,2.666626,0
-1.3161011,-0.723053,2.673584,0
-1.3255005,-0.7237549,2.68042,0
-1.3348999,-0.7244568,2.687378,0
-1.3429871,-0.7250519,2.6936035,0
-1.3497925,-0.7255554,2.6990967,0
-1.3565979,-0.7260437,2.7045898,0
-1.3634033,-0.72654724,2.710083,0
-1.3699951,-0.72839355,2.7145996,0
-1.3764038,-0.7315979,2.7181396,0
-1.3827515,-0.73739624,2.723877,0
-1.3890381,-0.74580383,2.7315674,0
-1.3953552,-0.75419617,2.7392578,0
-1.4016418,-0.76260376,2.7469482,0
-1.4067993,-0.7716522,2.7583008,0
-1.4107971,-0.7813568,2.7733154,0
-1.4147949,-0.79104614,2.78833,0
-1.4187927,-0.80075073,2.8033447,0
-1.425354,-0.809906,2.8205566,0
-1.4344482,-0.8184967,2.840088,0
-1.4388428,-0.82510376,2.8597412,0
-1.4385376,-0.82969666,2.8797607,0
-1.4382629,-0.8343048,2.8997803,0
-1.4359436,-0.8365936,2.9195557,0
-1.4316406,-0.8365936,2.9388428,0
-1.4277954,-0.83680725,2.956665,0
-1.424408,-0.837204,2.9729004,0
-1.4216614,-0.83880615,2.9870605,0
-1.4195557,-0.8415985,2.9990234,0
-1.41745,-0.8444061,3.0109863,0
-1.41745,-0.84794617,3.020752,0
-1.4195557,-0.85224915,3.0280762,0
-1.4218445,-0.85694885,3.0350342,0
-1.4243469,-0.8620453,3.0413818,0
-1.4268494,-0.867157,3.0478516,0
-1.4309387,-0.873703,3.0535889,0
-1.4366455,-0.8816986,3.0585938,0
-1.4448853,-0.88964844,3.064209,0
-1.4556885,-0.8975525,3.0700684,0
-1.4664917,-0.90545654,3.0759277,0
-1.4776917,-0.9125061,3.085205,0
-1.4892883,-0.9187012,3.0977783,0
-1.5011902,-0.9243469,3.1108398,0
-1.5133972,-0.92944336,3.1243896,0
-1.526001,-0.9339447,3.1375732,0
-1.5390015,-0.93785095,3.1506348,0
-1.552002,-0.9417572,3.1635742,0
-1.5653076,-0.9449005,3.1761475,0
-1.5788879,-0.94729614,3.1881104,0
-1.5924988,-0.94970703,3.2000732,0
-1.6065979,-0.95170593,3.2126465,0
-1.6199036,-0.9531555,3.224121,0
-1.631897,-0.9544525,3.2340088,0
-1.6438904,-0.9557495,3.2438965,0
-1.6541138,-0.95684814,3.2502441,0
-1.6625061,-0.9577484,3.2530518,0
-1.6694946,-0.9602051,3.2559814,0
-1.6751099,-0.9642029,3.2589111,0
-1.6806946,-0.9682007,3.2617188,0
-1.6842957,-0.97450256,3.267456,0
-1.6859131,-0.98309326,3.276001,0
-1.6866455,-0.9901428,3.2875977,0
-1.686554,-0.99565125,3.3024902,0
-1.6864624,-1.0011444,3.317505,0
-1.6864929,-1.0052948,3.334961,0
-1.6867065,-1.0081024,3.3548584,0
-1.6864014,-1.0100555,3.374878,0
-1.6856079,-1.0111542,3.3948975,0
-1.6843567,-1.0120544,3.4143066,0
-1.6826477,-1.0127563,3.4329834,0
-1.6798096,-1.0132446,3.449463,0
-1.6778564,-1.0140991,3.4606934,0
-1.677948,-1.0155029,3.4689941,0
-1.6784058,-1.0171051,3.4766846,0
-1.6791992,-1.0189056,3.4836426,0
-1.6798096,-1.0211487,3.4909668,0
-1.6802063,-1.0238495,3.498413,0
-1.6825562,-1.0272064,3.5063477,0
-1.6881409,-1.0317535,3.5159912,0
-1.6950378,-1.03685,3.5273438,0
-1.7025452,-1.0415497,3.5389404,0
-1.7106628,-1.0458527,3.5510254,0
-1.7182922,-1.0494995,3.5649414,0
-1.727356,-1.0518494,3.5795898,0
-1.7382507,-1.0535431,3.5933838,0
-1.7491455,-1.0552521,3.6070557,0
-1.760437,-1.0568542,3.6219482,0
-1.7721558,-1.0583496,3.6380615,0
-1.783844,-1.059845,3.6541748,0
-1.7955627,-1.0613556,3.670288,0
-1.8074951,-1.0626068,3.685669,0
-1.8197021,-1.0635986,3.7003174,0
-1.8319092,-1.0646057,3.715088,0
-1.8440857,-1.0655975,3.7297363,0
-1.8562927,-1.0666046,3.7445068,0
-1.8684998,-1.0675964,3.7591553,0
-1.8804932,-1.0682983,3.7720947,0
-1.8923035,-1.0686951,3.7832031,0
-1.9041138,-1.069107,3.7941895,0
-1.9158936,-1.0695038,3.8052979,0
-1.9253845,-1.0697021,3.8139648,0
-1.9325867,-1.0697021,3.8201904,0
-1.9397888,-1.0697021,3.826416,0
-1.946991,-1.0697021,3.8326416,0
-1.9541931,-1.0697021,3.838745,0
-1.9613953,-1.0697021,3.8449707,0
-1.967041,-1.0702057,3.8497314,0
-1.9711609,-1.0711975,3.8529053,0
-1.9752502,-1.0722046,3.856079,0
-1.9793396,-1.0731964,3.859253,0
-1.9815979,-1.0756531,3.864502,0
-1.9819946,-1.0795441,3.8718262,0
-1.9823914,-1.0834503,3.8791504,0
-1.9827881,-1.0873566,3.8864746,0
-1.9831848,-1.0912476,3.8937988,0
-1.9836121,-1.0951538,3.901001,0
-1.9837341,-1.0979462,3.9123535,0
-1.9836426,-1.0996552,3.9274902,0
-1.983551,-1.1013489,3.942749,0
-1.9834595,-1.1030579,3.9578857,0
-1.9867554,-1.1047974,3.9714355,0
-1.9934387,-1.1065979,3.9833984,0
-2.0001526,-1.1083984,3.9952393,0
-2.0057068,-1.1105957,4.008911,0
-2.0101013,-1.113205,4.024414,0
-2.0144958,-1.115799,4.039917,0
-2.0188904,-1.118393,4.05542,0
-2.0228882,-1.1207428,4.072876,0
-2.0264893,-1.1228485,4.092163,0
-2.0300903,-1.1249542,4.11145,0
-2.0336914,-1.1270447,4.1307373,0
-2.0372925,-1.1291504,4.1500244,0
-2.0404968,-1.1309967,4.1694336,0
-2.0433044,-1.1325989,4.188843,0
-2.046112,-1.134201,4.208252,0
-2.0488892,-1.1358032,4.227661,0
-2.0516968,-1.1374054,4.2469482,0
-2.0531006,-1.1386566,4.265503,0
-2.0531006,-1.1395569,4.283203,0
-2.0531006,-1.1404572,4.3009033,0
-2.0531006,-1.1413574,4.3186035,0
-2.0531006,-1.1422577,4.3363037,0
-2.0518494,-1.1426544,4.352417,0
-2.049347,-1.1425476,4.3669434,0
-2.0468445,-1.142456,4.3814697,0
-2.044342,-1.1423492,4.395996,0
-2.0422974,-1.1425934,4.4105225,0
-2.0407104,-1.1432037,4.425049,0
-2.039093,-1.1437988,4.4396973,0
-2.037506,-1.1443939,4.4543457,0
-2.03714,-1.1461029,4.4664307,0
-2.0380554,-1.1488953,4.4761963,0
-2.0389404,-1.1517029,4.48584,0
-2.039856,-1.1544952,4.4956055,0
-2.040741,-1.1573029,4.505249,0
-2.0416565,-1.1600952,4.5148926,0
-2.0433044,-1.1629028,4.5230713,0
-2.0456848,-1.1656952,4.529663,0
-2.0480957,-1.1685028,4.536255,0
-2.0505066,-1.1712952,4.5428467,0
-2.052887,-1.1741028,4.5495605,0
-2.0564575,-1.1772003,4.5561523,0
-2.0611572,-1.180603,4.5629883,0
-2.065857,-1.1840057,4.569824,0
-2.0705566,-1.1873932,4.57666,0
-2.0752563,-1.1907959,4.583374,0
-2.079956,-1.1941986,4.59021,0
-2.0859375,-1.1975555,4.5977783,0
-2.0932617,-1.2008514,4.606079,0
-2.1005554,-1.2041473,4.61438,0
-2.1078491,-1.2074432,4.6226807,0
-2.1148987,-1.2102966,4.6325684,0
-2.121704,-1.2126923,4.644165,0
-2.1285095,-1.2151031,4.6557617,0
-2.1352844,-1.2174988,4.6673584,0
-2.1420898,-1.2198944,4.678955,0
-2.1485596,-1.2218475,4.692627,0
-2.1546326,-1.2233429,4.708374,0
-2.160736,-1.2248535,4.723999,0
-2.1671448,-1.2259064,4.73999,0
-2.1738586,-1.2265015,4.7562256,0
-2.180542,-1.2270966,4.772461,0
-2.1872559,-1.2277069,4.788574,0
-2.1933594,-1.2274475,4.803955,0
-2.2002563,-1.2257996,4.8186035,0
-2.2085571,-1.2236023,4.833496,0
-2.217102,-1.2212524,4.8463135,0
-2.225891,-1.21875,4.8570557,0
-2.234497,-1.216156,4.866577,0
-2.2428894,-1.2134552,4.875,0
-2.2513123,-1.2107544,4.883423,0
-2.2597046,-1.2080536,4.8918457,0
-2.2669067,-1.2059479,4.9003906,0
-2.2728882,-1.2044525,4.9091797,0
-2.2789001,-1.2029572,4.9179688,0
-2.284912,-1.2014465,4.926758,0
-2.2908936,-1.1999512,4.935547,0
-2.29599,-1.199295,4.944702,0
-2.3002014,-1.1994934,4.9539795,0
-2.3043823,-1.199707,4.963257,0
-2.3085938,-1.1999054,4.972534,0
-2.313446,-1.201355,4.982666,0
-2.3189392,-1.2040558,4.9936523,0
-2.3244324,-1.2067566,5.0047607,0
-2.329956,-1.2094574,5.015747,0
-2.3354492,-1.212143,5.0267334,0
-2.3405457,-1.216156,5.038452,0
-2.3452454,-1.2214508,5.0511475,0
-2.349945,-1.2267456,5.0637207,0
-2.3546448,-1.2320557,5.076294,0
-2.3599854,-1.2373047,5.0913086,0
-2.3659973,-1.2424927,5.1086426,0
-2.3720093,-1.2476959,5.1260986,0
-2.3779907,-1.2528992,5.1435547,0
-2.38385,-1.2579498,5.1606445,0
-2.389557,-1.2628479,5.177368,0
-2.3952332,-1.267746,5.194214,0
-2.40094,-1.272644,5.2110596,0
-2.4051514,-1.276947,5.227051,0
-2.407837,-1.2806549,5.2421875,0
-2.410553,-1.2843475,5.2574463,0
-2.4132385,-1.2880554,5.272583,0
-2.4149475,-1.2907562,5.288574,0
-2.4156494,-1.29245,5.30542,0
-2.4163513,-1.2941437,5.3221436,0
-2.4170532,-1.2958527,5.3389893,0
-2.4177551,-1.2975464,5.355835,0
-2.4172974,-1.2984009,5.3725586,0
-2.4157104,-1.2984009,5.38916,0
-2.414093,-1.2984009,5.4057617,0
-2.4128418,-1.298645,5.4207764,0
-2.4119568,-1.2991486,5.4344482,0
-2.4110413,-1.2996521,5.447998,0
-2.4101562,-1.3001556,5.461548,0
-2.4092407,-1.3006439,5.4752197,0
-2.4083557,-1.3011475,5.4887695,0
-2.407196,-1.3020477,5.5008545,0
-2.4057922,-1.3033447,5.5112305,0
-2.4043884,-1.304657,5.5216064,0
-2.4029846,-1.305954,5.5319824,0
-2.4022522,-1.3083954,5.540283,0
-2.4021606,-1.3119965,5.546509,0
-2.4020386,-1.3155975,5.5527344,0
-2.401947,-1.3191986,5.55896,0
-2.403656,-1.3238068,5.563965,0
-2.4092407,-1.3294525,5.5683594,0
-2.4169617,-1.335144,5.573242,0
-2.4257507,-1.3406067,5.5808105,0
-2.4356384,-1.3453064,5.5930176,0
-2.4455566,-1.3495026,5.6070557,0
-2.4547424,-1.3531952,5.6210938,0
-2.4632568,-1.3563995,5.635498,0
-2.4717407,-1.3596039,5.6497803,0
-2.4822388,-1.362503,5.6639404,0
-2.494751,-1.365097,5.6781006,0
-2.5072632,-1.3677063,5.6921387,0
-2.5197449,-1.3703003,5.706299,0
-2.532257,-1.3728943,5.720337,0
-2.5459595,-1.3755951,5.7348633,0
-2.560852,-1.3784027,5.749756,0
-2.5757446,-1.3811951,5.7646484,0
-2.5906372,-1.3840027,5.779541,0
-2.6047058,-1.3865967,5.7928467,0
-2.6178894,-1.3890076,5.8045654,0
-2.6311035,-1.3914032,5.816284,0
-2.6434937,-1.3930054,5.8269043,0
-2.6550903,-1.3937988,5.8363037,0
-2.666687,-1.3946075,5.845825,0
-2.6783142,-1.395401,5.8553467,0
-2.689911,-1.3961945,5.864868,0
-2.6992493,-1.3970032,5.8719482,0
-2.7063599,-1.3977966,5.876831,0
-2.71344,-1.3986053,5.881592,0
-2.7205505,-1.3993988,5.8863525,0
-2.7274475,-1.401001,5.890259,0
-2.7341614,-1.4033966,5.8929443,0
-2.7408447,-1.4058075,5.895752,0
-2.7475586,-1.4082031,5.8985596,0
-2.754242,-1.4105988,5.901367,0
-2.7609558,-1.4129944,5.904175,0
-2.7654114,-1.4178009,5.909546,0
-2.7676086,-1.425003,5.9173584,0
-2.769806,-1.4322052,5.925049,0
-2.7720032,-1.4394073,5.9328613,0
-2.7735596,-1.4463501,5.9433594,0
-2.7744446,-1.4530487,5.956543,0
-2.77536,-1.4597473,5.9698486,0
-2.776245,-1.4664459,5.983032,0
-2.7779846,-1.473053,5.9971924,0
-2.7806091,-1.4795532,6.0125732,0
-2.7832031,-1.4860535,6.027832,0
-2.785797,-1.4925537,6.043091,0
-2.788391,-1.499054,6.0584717,0
-2.7888489,-1.5039062,6.07605,0
-2.78714,-1.5070953,6.0960693,0
-2.7854614,-1.5102997,6.116089,0
-2.7837524,-1.513504,6.1361084,0
-2.7820435,-1.5167084,6.156128,0
-2.7827454,-1.5196075,6.1741943,0
-2.7858582,-1.5222015,6.1903076,0
-2.7889404,-1.5247955,6.206299,0
-2.7920532,-1.5274048,6.222412,0
-2.792389,-1.5287933,6.2404785,0
-2.7900085,-1.529007,6.260498,0
-2.7875977,-1.5292053,6.2805176,0
-2.7851868,-1.5294037,6.300537,0
-2.7832642,-1.529953,6.3189697,0
-2.7817383,-1.5308533,6.3358154,0
-2.780243,-1.5317535,6.352783,0
-2.7787476,-1.5326538,6.369629,0
-2.7772522,-1.5335541,6.3865967,0
-2.7754517,-1.5341492,6.400879,0
-2.773346,-1.5344543,6.4127197,0
-2.7712402,-1.5347443,6.4244385,0
-2.769165,-1.5350494,6.4362793,0
-2.7678528,-1.535553,6.4467773,0
-2.7673645,-1.5362549,6.4560547,0
-2.7668457,-1.5369568,6.46521,0
-2.7663574,-1.5376587,6.474365,0
-2.7658386,-1.5383453,6.4836426,0
-2.7663574,-1.5392456,6.4925537,0
-2.7678528,-1.5403442,6.5010986,0
-2.7693481,-1.5414581,6.5096436,0
-2.7708435,-1.5425568,6.5183105,0
-2.7725525,-1.5442505,6.526367,0
-2.7744446,-1.5465546,6.5340576,0
-2.7763367,-1.5488586,6.541626,0
-2.7782593,-1.5511475,6.5491943,0
-2.7814026,-1.554657,6.557007,0
-2.785797,-1.5593567,6.5648193,0
-2.7901917,-1.5640564,6.572754,0
-2.7945862,-1.5687561,6.5806885,0
-2.7990112,-1.5734558,6.588501,0
-2.8052063,-1.5785522,6.596924,0
-2.813202,-1.5840454,6.605713,0
-2.8211975,-1.5895538,6.614502,0
-2.830597,-1.5942993,6.6237793,0
-2.8414001,-1.5982971,6.633545,0
-2.8522034,-1.6022949,6.6434326,0
-2.8630066,-1.606308,6.6531982,0
-2.8738098,-1.6103058,6.662964,0
-2.8840942,-1.6139526,6.6741943,0
-2.8938904,-1.6172485,6.6867676,0
-2.9036865,-1.6205444,6.699341,0
-2.9135132,-1.6238556,6.712036,0
-2.9249573,-1.6268463,6.7261963,0
-2.9380493,-1.6295471,6.7418213,0
-2.9511414,-1.6322479,6.7575684,0
-2.9642334,-1.6349487,6.7731934,0
-2.9770508,-1.6373444,6.7886963,0
-2.989563,-1.6394501,6.804077,0
-3.0020447,-1.6415558,6.819336,0
-3.014557,-1.6436462,6.8345947,0
-3.0270386,-1.645752,6.8499756,0
-3.0393372,-1.6472931,6.8636475,0
-3.0514526,-1.6483002,6.8756104,0
-3.0635376,-1.6493073,6.8875732,0
-3.075653,-1.6502991,6.899658,0
-3.08786,-1.6505432,6.9084473,0
-3.1001587,-1.6500549,6.9143066,0
-3.1124573,-1.6495514,6.920044,0
-3.1247559,-1.6490479,6.9259033,0
-3.1339417,-1.6490021,6.9313965,0
-3.1400452,-1.6493988,6.9366455,0
-3.1461487,-1.6497955,6.9417725,0
-3.1522522,-1.6502075,6.9470215,0
-3.1558838,-1.6511536,6.9542236,0
-3.1571045,-1.6526489,6.963379,0
-3.1582031,-1.6542511,6.973633,0
-3.1592102,-1.6559448,6.9849854,0
-3.1601868,-1.6576538,6.996216,0
-3.1611938,-1.6593475,7.0075684,0
-3.163086,-1.6609039,7.0196533,0
-3.1658936,-1.6623077,7.032715,0
-3.1687012,-1.6636963,7.0456543,0
-3.1723938,-1.6649933,7.0585938,0
-3.177002,-1.6661987,7.071533,0
-3.18161,-1.6674042,7.0844727,0
-3.1861877,-1.6685944,7.09729,0
-3.190796,-1.6697998,7.1102295,0
-3.194641,-1.6707001,7.125,0
-3.197754,-1.6712952,7.1416016,0
-3.2008362,-1.6719055,7.158203,0
-3.203186,-1.6720428,7.175049,0
-3.2048035,-1.6717529,7.1922607,0
-3.2063904,-1.6714478,7.2094727,0
-3.2080078,-1.6711426,7.2266846,0
-3.2080994,-1.6708069,7.244385,0
-3.2066956,-1.6703949,7.2625732,0
-3.2052917,-1.6699982,7.2807617,0
-3.203888,-1.6696014,7.29895,0
-3.2023926,-1.6688538,7.3164062,0
-3.2008057,-1.6677551,7.333008,0
-3.1991882,-1.6666565,7.3496094,0
-3.197937,-1.6656494,7.364746,0
-3.197052,-1.6647491,7.378418,0
-3.1961365,-1.6638489,7.39209,0
-3.1952515,-1.6629486,7.405884,0
-3.194336,-1.6620483,7.4195557,0
-3.1929016,-1.6615448,7.4328613,0
-3.1908875,-1.6614532,7.445801,0
-3.1889038,-1.6613464,7.458618,0
-3.1888428,-1.6620026,7.4698486,0
-3.1907349,-1.6634064,7.479248,0
-3.1926575,-1.6647949,7.4886475,0
-3.1950073,-1.6666565,7.496826,0
-3.1977844,-1.6689453,7.5039062,0
-3.200592,-1.6712494,7.5109863,0
-3.2033997,-1.6735535,7.5181885,0
-3.2062073,-1.6758575,7.5252686,0
-3.209961,-1.6785431,7.532959,0
-3.2146606,-1.6816559,7.54126,0
-3.2193604,-1.6847534,7.5495605,0
-3.2254944,-1.6875458,7.5583496,0
-3.2330933,-1.6900482,7.567505,0
-3.2406921,-1.6925507,7.57666,0
-3.2472534,-1.6948547,7.5863037,0
-3.2527466,-1.6969452,7.5964355,0
-3.2582397,-1.6990509,7.6065674,0
-3.2638855,-1.7007446,7.618286,1
-3.2696838,-1.7020569,7.631836,1
-3.2755127,-1.7033539,7.6453857,1
-3.281311,-1.7046509,7.6588135,1
-3.2871094,-1.7059479,7.6723633,1
-3.2947998,-1.7072449,7.6870117,1
-3.3044128,-1.7085571,7.702759,1
-3.3139954,-1.7098541,7.718628,1
-3.3243103,-1.7113953,7.734741,1
-3.3352966,-1.7131958,7.7510986,1
-3.346283,-1.7149963,7.767456,1
-3.3572998,-1.7167969,7.7839355,1
-3.3682861,-1.7185974,7.800293,1
-3.381134,-1.7198486,7.814453,1
-3.3958435,-1.7205505,7.826172,1
-3.410553,-1.7212524,7.8380127,1
-3.4241333,-1.7216492,7.847412,1
-3.4366455,-1.721756,7.854492,1
-3.4491577,-1.7218475,7.8616943,1
-3.4616394,-1.7219543,7.8687744,1
-3.4700623,-1.7224426,7.876343,1
-3.4743347,-1.7233429,7.8842773,1
-3.4786377,-1.7242432,7.892334,1
-3.4829407,-1.7251434,7.9002686,1
-3.487152,-1.7263947,7.9073486,1
-3.4912415,-1.7279968,7.913452,1
-3.4953613,-1.729599,7.9195557,1
-3.4994507,-1.7312012,7.925659,1
-3.5018005,-1.7330933,7.9344482,1
-3.502411,-1.7353058,7.945801,1
-3.5029907,-1.737503,7.9571533,1
-3.5049133,-1.7393951,7.96875,1
-3.5080872,-1.7409973,7.980591,1
-3.5112915,-1.7425995,7.9924316,1
-3.5144958,-1.7442017,8.00415,1
-3.518402,-1.7464447,8.016846,1
-3.5230103,-1.7493439,8.030518,1
-3.5267944,-1.752243,8.04541,1
-3.5297852,-1.7551575,8.061768,1
-3.5328064,-1.7580566,8.078003,1
-3.5335999,-1.7601013,8.094727,1
-3.532196,-1.7613068,8.111694,1
-3.5307922,-1.762497,8.128662,1
-3.5306396,-1.7637024,8.14563,1
-3.5317383,-1.7648926,8.1623535,1
-3.532837,-1.766098,8.179199,1
-3.532257,-1.7666016,8.196411,1
-3.5299377,-1.7664032,8.214111,1
-3.527954,-1.7662048,8.230713,1
-3.526245,-1.7660065,8.246216,1
-3.5237427,-1.7666473,8.260742,1
-3.5204468,-1.7681427,8.274048,1
-3.5171509,-1.7696533,8.287476,1
-3.5150452,-1.7727509,8.299194,1
-3.5141602,-1.7774506,8.309082,1
-3.5132446,-1.7821503,8.31897,1
-3.514038,-1.7873993,8.326172,1
-3.5165405,-1.7931976,8.330811,1
-3.519043,-1.798996,8.335449,1
-3.5242004,-1.804306,8.339355,1
-3.532013,-1.8090973,8.342529,1
-3.539795,-1.8139038,8.345703,1
-3.5472107,-1.8184052,8.351807,1
-3.5541992,-1.8226013,8.360962,1
-3.5611877,-1.8267975,8.369995,1
-3.5682068,-1.8309937,8.37915,1
-3.5761108,-1.8347931,8.390503,1
-3.5849,-1.8381958,8.404053,1
-3.5936584,-1.840805,8.41748,1
-3.602356,-1.8426056,8.430664,1
-3.6110535,-1.8444061,8.443848,1
-3.619751,-1.8462067,8.457153,1
-3.6284485,-1.847992,8.470337,1
-3.638153,-1.8495483,8.485596,1
-3.6488342,-1.8508453,8.503174,1
-3.659546,-1.8521423,8.52063,1
-3.6712036,-1.8530426,8.535767,1
-3.6838074,-1.8535461,8.548462,1
-3.6964111,-1.8540497,8.561157,1
-3.7089844,-1.8545532,8.573853,1
-3.7221985,-1.8548431,8.5859375,1
-3.7359924,-1.85495,8.597412,1
-3.7477112,-1.85495,8.608154,1
-3.7572937,-1.8548431,8.61792,1
-3.7669067,-1.8547516,8.627686,1
-3.7764893,-1.8546448,8.637451,1
-3.785797,-1.8547974,8.644897,1
-3.7947998,-1.8551941,8.649902,1
-3.8038025,-1.8556061,8.654907,1
-3.8128052,-1.8560028,8.659912,1
-3.8198547,-1.8580475,8.664307,1
-3.8249512,-1.8617554,8.668213,1
-3.8300476,-1.865448,8.672119,1
-3.8338928,-1.8709564,8.678467,1
-3.8364868,-1.8782501,8.687256,1
-3.8391113,-1.8855438,8.696045,1
-3.8417053,-1.8928528,8.704956,1
-3.8424072,-1.8986511,8.7178955,1
-3.8411865,-1.9029541,8.734985,1
-3.8399963,-1.9072418,8.752075,1
-3.8417358,-1.911499,8.767212,1
-3.8464355,-1.9156952,8.7803955,1
-3.8511353,-1.9198914,8.793579,1
-3.8528442,-1.9230499,8.809814,1
-3.8515625,-1.9251556,8.829102,1
-3.8502502,-1.9272461,8.848389,1
-3.8512573,-1.9289551,8.866455,1
-3.8545532,-1.9302521,8.883301,1
-3.8578491,-1.9315491,8.9001465,1
-3.861145,-1.9328461,8.91687,1
-3.864441,-1.9341431,8.933716,1
-3.8666077,-1.9353485,8.951172,1
-3.8675842,-1.9364471,8.969238,1
-3.8685913,-1.9375458,8.987305,1
-3.8684998,-1.9387054,9.005249,1
-3.8673096,-1.9398956,9.022827,1
-3.8660889,-1.9411011,9.040405,1
-3.8648987,-1.9422913,9.057983,1
-3.8621826,-1.9431915,9.073608,1
-3.858612,-1.9447479,9.084473,1
-3.856903,-1.9474945,9.091675,1
-3.8565063,-1.9505005,9.097778,1
-3.8580627,-1.9545441,9.10437,1
-3.8615417,-1.9596558,9.111572,1
-3.8650513,-1.9647522,9.118774,1
-3.8685608,-1.9698486,9.125977,1
-3.8720398,-1.9749451,9.133179,1
-3.8771057,-1.9800415,9.141968,1
-3.8836975,-1.9851532,9.152344,1
-3.8902893,-1.9902496,9.162842,1
-3.8981018,-1.9951019,9.174194,1
-3.9071045,-1.9996948,9.186401,1
-3.9161072,-2.004303,9.19873,1
-3.9246826,-2.0081482,9.212158,1
-3.9328918,-2.0112457,9.226685,1
-3.941101,-2.0143433,9.241089,1
-3.9493103,-2.0174408,9.255615,1
-3.9585571,-2.0202484,9.271606,1
-3.9688416,-2.0227509,9.289185,1
-3.9791565,-2.0252533,9.306641,1
-3.9907837,-2.0269928,9.3220215,1
-4.003784,-2.0279999,9.335327,1
-4.0167847,-2.0289917,9.348633,1
-4.029785,-2.0299988,9.361938,1
-4.0422974,-2.0301056,9.3741455,1
-4.054291,-2.0292969,9.385376,1
-4.066284,-2.0285034,9.396606,1
-4.078308,-2.0276947,9.407837,1
-4.0893555,-2.0265045,9.416748,1
-4.099457,-2.0249023,9.423584,1
-4.109558,-2.0233002,9.43042,1
-4.118408,-2.0224915,9.436035,1
-4.126007,-2.0224915,9.440674,1
-4.133606,-2.0224915,9.4453125,1
-4.141205,-2.0224915,9.449951,1
-4.146454,-2.0238953,9.457886,1
-4.149353,-2.026703,9.469482,1
-4.152252,-2.0294952,9.480957,1
-4.1565857,-2.0332031,9.49231,1
-4.162384,-2.037796,9.503662,1
-4.1681824,-2.0424042,9.514893,1
-4.174011,-2.046997,9.526245,1
-4.177704,-2.0513916,9.540283,1
-4.179291,-2.055603,9.557129,1
-4.180908,-2.0597992,9.573853,1
-4.182953,-2.0635529,9.59082,1
-4.1854553,-2.0668488,9.607788,1
-4.187958,-2.0701447,9.624756,1
-4.1904297,-2.0734558,9.641846,1
-4.192932,-2.0767517,9.658813,1
-4.195038,-2.0794983,9.675781,1
-4.196747,-2.0816956,9.692993,1
-4.198456,-2.0838928,9.710083,1
-4.198883,-2.085846,9.728027,1
-4.1980896,-2.087555,9.746948,1
-4.197296,-2.0892487,9.765869,1
-4.1961365,-2.0908966,9.783203,1
-4.194641,-2.0924988,9.799194,1
-4.1931458,-2.094101,9.815063,1
-4.1916504,-2.0957031,9.830933,1
-4.1890564,-2.0969543,9.846191,1
-4.1853333,-2.0978546,9.860962,1
-4.1816406,-2.098755,9.87561,1
-4.179138,-2.1010437,9.886963,1
-4.1778564,-2.1047516,9.89502,1
-4.176544,-2.1084442,9.902954,1
-4.175232,-2.112152,9.911011,1
-4.174835,-2.1163483,9.917358,1
-4.175354,-2.121048,9.922241,1
-4.1758423,-2.1257477,9.927002,1
-4.1780396,-2.1307526,9.932373,1
-4.181946,-2.1360474,9.938232,1
-4.185852,-2.1413422,9.944092,1
-4.1897583,-2.1466522,9.950073,1
-4.1958923,-2.152542,9.95813,1
-4.2042847,-2.1590424,9.968262,1
-4.2127075,-2.1655426,9.978516,1
-4.22229,-2.1712952,9.989502,1
-4.2330933,-2.1763,10.001099,1
-4.2438965,-2.181305,10.012817,1
-4.2546997,-2.1862946,10.024536,1
-4.265503,-2.1912994,10.036255,1
-4.275757,-2.1955414,10.04895,1
-4.285431,-2.199051,10.0625,1
-4.2951355,-2.2025452,10.07605,1
-4.3056335,-2.2053528,10.088989,1
-4.3169556,-2.2074432,10.101196,1
-4.328247,-2.209549,10.113403,1
-4.3397827,-2.2114563,10.127319,1
-4.351593,-2.21315,10.143066,1
-4.3639526,-2.214096,10.156372,1
-4.376831,-2.2142944,10.167358,1
-4.38974,-2.2144928,10.178345,1
-4.402008,-2.2142944,10.1883545,1
-4.4136047,-2.2136993,10.197388,1
-4.4252014,-2.2131042,10.206421,1
-4.4350586,-2.212555,10.213745,1
-4.4431458,-2.2120514,10.219482,1
-4.451233,-2.2115479,10.225098,1
-4.4593506,-2.2110443,10.230835,1
-4.46698,-2.2128448,10.235596,1
-4.474182,-2.2169495,10.239502,1
-4.4813843,-2.221054,10.243408,1
-4.4885864,-2.2251434,10.247314,1
-4.491791,-2.232193,10.255615,1
-4.4909973,-2.2422028,10.268188,1
-4.490204,-2.2521973,10.280762,1
-4.48938,-2.2621918,10.293335,1
-4.4886475,-2.270401,10.306641,1
-4.4879456,-2.2767944,10.320557,1
-4.4872437,-2.2832031,10.334473,1
-4.4867554,-2.2884064,10.35083,1
-4.48645,-2.2924042,10.369751,1
-4.486145,-2.296402,10.388672,1
-4.48584,-2.3003998,10.407593,1
-4.485901,-2.3034973,10.425537,1
-4.4862976,-2.3056946,10.442749,1
-4.4866943,-2.3078918,10.459961,1
-4.486786,-2.3096466,10.477905,1
-4.486603,-2.3109436,10.49646,1
-4.486389,-2.3122559,10.515137,1
-4.486206,-2.3135529,10.533691,1
-4.48468,-2.314804,10.552124,1
-4.481903,-2.3159943,10.5703125,1
-4.4790955,-2.3171997,10.588501,1
-4.4754333,-2.3186493,10.604248,1
-4.4709473,-2.320343,10.617432,1
-4.4664307,-2.322052,10.630615,1
-4.4618835,-2.3248444,10.640869,1
-4.457306,-2.3287506,10.648315,1
-4.4526978,-2.3326416,10.65564,1
-4.4506836,-2.3373413,10.661377,1
-4.451294,-2.3428497,10.665283,1
-4.4519043,-2.348343,10.669189,1
-4.4546814,-2.3546448,10.674072,1
-4.4596863,-2.3617554,10.679932,1
-4.464691,-2.3688507,10.685791,1
-4.469696,-2.375946,10.691772,1
-4.4776,-2.3829956,10.699219,1
-4.4884033,-2.3899994,10.708374,1
-4.4992065,-2.3970032,10.717407,1
-4.5093384,-2.4031982,10.7282715,1
-4.5188293,-2.4085999,10.740723,1
-4.528351,-2.4140015,10.753296,1
-4.537842,-2.419403,10.765747,1
-4.5473022,-2.423996,10.778687,1
-4.5567017,-2.4277954,10.792236,1
-4.566101,-2.4315948,10.805786,1
-4.576599,-2.4351044,10.819946,1
-4.588196,-2.4382935,10.834717,1
-4.5997925,-2.4414978,10.849487,1
-4.612488,-2.4441986,10.863647,1
-4.6262817,-2.4463959,10.877319,1
-4.640106,-2.4485931,10.890869,1
-4.6539,-2.4508057,10.904541,1
-4.667694,-2.4523926,10.91687,1
-4.681488,-2.4533997,10.9279785,1
-4.695282,-2.4543915,10.939087,1
-4.7074585,-2.4550018,10.948242,1
-4.7179565,-2.4552002,10.955688,1
-4.7284546,-2.4553986,10.963135,1
-4.7389526,-2.455597,10.970459,1
-4.7471924,-2.4557953,10.976929,1
-4.7532043,-2.4559937,10.9823,1
-4.759186,-2.456192,10.987671,1
-4.764435,-2.457199,10.993042,1
-4.7689514,-2.4589996,10.998535,1
-4.7734375,-2.4608002,11.003906,1
-4.7763367,-2.463745,11.011597,1
-4.777649,-2.4678497,11.021606,1
-4.7789307,-2.4719543,11.031616,1
-4.780609,-2.4757996,11.043091,1
-4.782593,-2.4794006,11.056274,1
-4.784607,-2.4830017,11.069336,1
-4.786255,-2.487091,11.08374,1
-4.7875366,-2.4916992,11.099487,1
-4.788849,-2.496292,11.115112,1
-4.789551,-2.5003967,11.132935,1
-4.7896423,-2.5039978,11.152954,1
-4.789734,-2.5075989,11.172974,1
-4.789154,-2.5108032,11.192749,1
-4.787842,-2.5135956,11.21228,1
-4.7865295,-2.5164032,11.231689,1
-4.7840576,-2.518402,11.25,1
-4.7803345,-2.5195923,11.266968,1
-4.776642,-2.5207977,11.283936,1
-4.7734375,-2.5218506,11.29834,1
-4.770752,-2.5227509,11.310181,1
-4.768036,-2.5236511,11.3220215,1
-4.7653503,-2.5245514,11.33374,1
-4.7630005,-2.5258026,11.344238,1
-4.7609863,-2.5274048,11.353394,1
-4.760193,-2.529953,11.359863,1
-4.7605896,-2.5334473,11.363892,1
-4.763031,-2.5375519,11.367554,1
-4.7675476,-2.5422516,11.37085,1
-4.7720337,-2.5469513,11.3741455,1
-4.7771606,-2.5522003,11.378784,1
-4.782837,-2.5579987,11.384766,1
-4.790741,-2.5634918,11.394043,1
-4.8008423,-2.568695,11.406494,1
-4.8109436,-2.5738983,11.419067,1
-4.8229065,-2.578949,11.432495,1
-4.8367004,-2.583847,11.4470215,1
-4.8504944,-2.588745,11.461548,1
-4.8645935,-2.5932922,11.476196,1
-4.878998,-2.5975037,11.490967,1
-4.893402,-2.6016998,11.505737,1
-4.907837,-2.6050415,11.518921,1
-4.922333,-2.607544,11.5303955,1
-4.936859,-2.6100464,11.541992,1
-4.9507446,-2.6117554,11.552856,1
-4.9640503,-2.6126556,11.56311,1
-4.977356,-2.613556,11.573486,1
-4.9889526,-2.6141052,11.583252,1
-4.999359,-2.6152496,11.590332,1
-5.010254,-2.6173553,11.595337,1
-5.0169373,-2.621048,11.599487,1
-5.0194397,-2.6263428,11.602783,1
-5.021942,-2.6316528,11.606079,1
-5.022888,-2.6369934,11.612793,1
-5.0223083,-2.642395,11.622681,1
-5.021698,-2.6477966,11.632568,1
-5.0210876,-2.6531982,11.642456,1
-5.0213013,-2.6568909,11.654785,1
-5.0223083,-2.658905,11.669556,1
-5.0246887,-2.661148,11.684326,1
-5.0285034,-2.6636505,11.699097,1
-5.0322876,-2.666153,11.713745,1
-5.0361023,-2.6686554,11.728394,1
-5.038086,-2.6707458,11.745728,1
-5.0382996,-2.6724548,11.765747,1
-5.0384827,-2.6741486,11.785767,1
-5.0390015,-2.6755524,11.805176,1
-5.039795,-2.676651,11.823853,1
-5.0405884,-2.6777496,11.842529,1
-5.041382,-2.6788483,11.861206,1
-5.040558,-2.6790924,11.878784,1
-5.0380554,-2.6784973,11.895386,1
-5.035553,-2.6779022,11.911865,1
-5.0329895,-2.677353,11.92688,1
-5.0303955,-2.6768494,11.94043,1
-5.029236,-2.6766968,11.9522705,1
-5.029541,-2.6768951,11.96228,1
-5.029846,-2.6770935,11.97229,1
-5.031891,-2.677353,11.980347,1
-5.0357056,-2.6776428,11.98645,1
-5.0394897,-2.677948,11.992554,1
-5.0447083,-2.6777039,11.999023,1
-5.0513,-2.6768951,12.005737,1
-5.057892,-2.6761017,12.012573,1
-5.0644836,-2.675293,12.019409,1
-5.072052,-2.6743927,12.027588,1
-5.080536,-2.6734009,12.036987,1
-5.088806,-2.6721954,12.0460205,1
-5.0968018,-2.6707916,12.054565,1
-5.1047974,-2.669403,12.062988,1
-5.112793,-2.6679993,12.071533,1
-5.119049,-2.6664429,12.081177,1
-5.123535,-2.6647491,12.091797,1
-5.126831,-2.6635437,12.104492,1
-5.128937,-2.6628418,12.119263,1
-5.1310425,-2.6621552,12.133911,1
-5.1350403,-2.6618958,12.150269,1
-5.14093,-2.662094,12.168091,1
-5.1468506,-2.6622925,12.186035,1
-5.1582947,-2.6627045,12.203613,1
-5.175293,-2.6632996,12.220825,1
-5.1922913,-2.6638947,12.238037,1
-5.2092896,-2.664505,12.255249,1
-5.2234497,-2.6640015,12.267944,1
-5.234741,-2.6623993,12.276123,1
-5.2460327,-2.660797,12.284302,1
-5.2573547,-2.659195,12.29248,1
-5.2655334,-2.6572418,12.300293,1
-5.2706604,-2.654953,12.307739,1
-5.273407,-2.6524963,12.31665,1
-5.2738037,-2.6499023,12.3272705,1
-5.2742004,-2.647293,12.337891,1
-5.2742004,-2.6445923,12.349243,1
-5.2738037,-2.6418,12.361206,1
-5.273407,-2.6389923,12.373169,1
-5.2730103,-2.6362,12.385132,1
-5.273651,-2.6336517,12.397461,1
-5.27536,-2.6313477,12.410034,1
-5.2770386,-2.6290436,12.4227295,1
-5.2796936,-2.626892,12.435913,1
-5.2832947,-2.6248932,12.449829,1
-5.2868958,-2.6228943,12.463745,1
-5.289734,-2.6209564,12.478027,1
-5.2918396,-2.619049,12.492554,1
-5.2939453,-2.617157,12.507202,1
-5.296295,-2.6150513,12.520752,1
-5.298889,-2.6127472,12.533203,1
-5.301483,-2.610443,12.545776,1
-5.3041077,-2.6081543,12.558228,1
-5.3063965,-2.6057434,12.570801,1
-5.3084106,-2.6032562,12.583496,1
-5.3103943,-2.6007538,12.596191,1
-5.311981,-2.5980988,12.608643,1
-5.313202,-2.5953064,12.620605,1
-5.314392,-2.5924988,12.632568,1
-5.3162537,-2.5897064,12.644409,1
-5.318756,-2.5868988,12.656128,1
-5.3212585,-2.5841064,12.667847,1
-5.323883,-2.5813446,12.67981,1
-5.3266907,-2.5786438,12.692139,1
-5.3294983,-2.575943,12.704468,1
-5.333008,-2.5731506,12.717163,1
-5.3371887,-2.5702515,12.730225,1
-5.3414,-2.5673523,12.743286,1
-5.345581,-2.5644531,12.75647,1
-5.3494873,-2.5614471,12.769043,1
-5.3530884,-2.5583496,12.781006,1
-5.356903,-2.5551453,12.792847,1
-5.360901,-2.5518494,12.804565,1
-5.3648987,-2.5485535,12.816284,1
-5.3688965,-2.5452423,12.827881,1
-5.373352,-2.5419922,12.839966,1
-5.378235,-2.538803,12.852173,1
-5.383148,-2.5357513,12.864868,1
-5.3880615,-2.5328522,12.877686,1
-5.3929443,-2.529953,12.890625,1
-5.3981323,-2.5270996,12.903442,1
-5.403656,-2.5243073,12.916138,1
-5.409149,-2.5214996,12.928833,1
-5.4151917,-2.5188446,12.941528,1
-5.4217834,-2.5163574,12.954224,1
-5.428406,-2.513855,12.966919,1
-5.436035,-2.511551,12.979492,1
-5.4447327,-2.5094452,12.992065,1
-5.4534607,-2.5073547,13.004517,1
-5.4618835,-2.5056,13.016602,1
-5.470093,-2.5041962,13.02832,1
-5.478302,-2.5027924,13.040039,1
-5.486511,-2.5014038,13.051758,1
-5.4932556,-2.5002441,13.061768,1
-5.498535,-2.4993439,13.070068,1
-5.5036926,-2.498993,13.075439,1
-5.5086975,-2.4992065,13.078125,1
-5.5137024,-2.499405,13.080688,1
-5.5184326,-2.501648,13.085693,1
-5.522949,-2.505951,13.093262,1
-5.5274353,-2.510254,13.100708,1
-5.5286865,-2.5133972,13.114502,1
-5.526703,-2.515396,13.1345215,1
-5.5246887,-2.517395,13.154541,1
-5.522705,-2.519394,13.174438,1
-5.5237427,-2.5213928,13.194458,1
-5.527832,-2.523407,13.214478,1
-5.530304,-2.5244446,13.233887,1
-5.5310974,-2.5245514,13.252686,1
-5.5292053,-2.523758,13.271118,1
-5.524597,-2.522049,13.289185,1
-5.520233,-2.5209045,13.303711,1
-5.516144,-2.5202942,13.314453,1
-5.5120544,-2.519699,13.325317,1
-5.50885,-2.520752,13.333374,1
-5.5065613,-2.5234528,13.338989,1
-5.5070496,-2.527893,13.343506,1
-5.5103455,-2.5341034,13.347046,1
-5.5136414,-2.5402985,13.350708,1
-5.5169373,-2.5464935,13.354248,1
-5.523712,-2.552948,13.360107,1
-5.533905,-2.5596466,13.368042,1
-5.544098,-2.5663452,13.376099,1
-5.555908,-2.5722504,13.387695,1
-5.5693054,-2.5773468,13.40271,1
-5.5827026,-2.5824585,13.417847,1
-5.595001,-2.586258,13.431274,1
-5.606201,-2.588745,13.443237,1
-5.617401,-2.5912476,13.455078,1
-5.627655,-2.5924072,13.464966,1
-5.636963,-2.5921936,13.472778,1
-5.64624,-2.5919952,13.480591,1
-5.6551514,-2.5912018,13.488647,1
-5.6636353,-2.589798,13.496948,1
-5.6721497,-2.5883942,13.505249,1
-5.680298,-2.5869446,13.5147705,1
-5.6881104,-2.5854492,13.525391,1
-5.6958923,-2.5839539,13.536133,1
-5.703705,-2.5824585,13.546875,1
-5.711151,-2.5813446,13.5563965,1
-5.7182617,-2.580658,13.564941,1
-5.7229004,-2.5801086,13.576782,1
-5.7250977,-2.5796967,13.592163,1
-5.727295,-2.5793,13.607422,1
-5.7303467,-2.5789032,13.622192,1
-5.734253,-2.5785065,13.636475,1
-5.738159,-2.5780945,13.650879,1
-5.7420654,-2.5776978,13.665161,1
-5.7459106,-2.577301,13.678223,1
-5.7486877,-2.5769043,13.69104,1
-5.7504883,-2.5765076,13.704712,1
-5.752289,-2.5760956,13.718262,1
-5.7540894,-2.5756989,13.731934,1
-5.7561646,-2.575348,13.744995,1
-5.7584534,-2.575058,13.757568,1
-5.760742,-2.5747528,13.770142,1
-5.7630615,-2.5744476,13.782349,1
-5.7653503,-2.5741577,13.794067,1
-5.767639,-2.5738525,13.805786,1
-5.770508,-2.5738068,13.817627,1
-5.7738953,-2.5740051,13.829712,1
-5.777313,-2.5742035,13.841797,1
-5.7808533,-2.5744476,13.853638,1
-5.784546,-2.5747528,13.865234,1
-5.7882385,-2.575058,13.876831,1
-5.7919617,-2.575348,13.888428,1
-5.795288,-2.575348,13.899658,1
-5.7983093,-2.575058,13.910522,1
-5.80249,-2.574646,13.921631,1
-5.807892,-2.5741577,13.933105,1
-5.8132935,-2.5736542,13.94458,1
-5.8182983,-2.572754,13.955933,1
-5.8229065,-2.571457,13.967041,1
-5.827484,-2.5701447,13.978149,1
-5.8320923,-2.5688477,13.989258,1
-5.836212,-2.5672455,14,1
-5.839813,-2.5653534,14.010376,1
-5.843994,-2.563507,14.02063,1
-5.8487854,-2.5617065,14.030884,1
-5.853607,-2.559906,14.041138,1
-5.8589478,-2.5585022,14.052002,1
-5.8648376,-2.557495,14.063599,1
-5.870758,-2.5565033,14.075195,1
-5.87735,-2.5558472,14.087524,1
-5.8846436,-2.5555573,14.10083,1
-5.8919373,-2.555252,14.114014,1
-5.8982544,-2.5548553,14.126709,1
-5.903534,-2.5543518,14.138916,1
-5.908844,-2.5538483,14.151123,1
-5.91391,-2.553299,14.162842,1
-5.918701,-2.5527039,14.17395,1
-5.9234924,-2.5520935,14.185181,1
-5.9283447,-2.5514526,14.196045,1
-5.933258,-2.5507507,14.206543,1
-5.938141,-2.5500488,14.217041,1
-5.94281,-2.5492554,14.226929,1
-5.9472046,-2.548355,14.236206,1
-5.951782,-2.5475006,14.245605,1
-5.956604,-2.5467072,14.255127,1
-5.9613953,-2.5458984,14.264648,1
-5.9661865,-2.545105,14.27417,1
-5.970703,-2.5444489,14.28418,1
-5.974884,-2.5439453,14.294678,1
-5.9790955,-2.543457,14.305176,1
-5.983856,-2.5431976,14.315308,1
-5.9891357,-2.5431976,14.325195,1
-5.994446,-2.5431976,14.335083,1
-6.001251,-2.5433502,14.345581,1
-6.009552,-2.5436554,14.356445,1
-6.017853,-2.5439453,14.36731,1
-6.0261536,-2.5441437,14.378418,1
-6.0344543,-2.5442505,14.389526,1
-6.042206,-2.5441437,14.4001465,1
-6.049408,-2.5438538,14.410034,1
-6.05661,-2.5435486,14.419922,1
-6.063446,-2.5432587,14.429565,1
-6.0699463,-2.5429535,14.438965,1
-6.0770874,-2.5428467,14.448853,1
-6.0849,-2.5429535,14.4592285,1
-6.092285,-2.5431519,14.469727,1
-6.099304,-2.543457,14.480347,1
-6.1062927,-2.543747,14.490967,1
-6.1129456,-2.5439453,14.501587,1
-6.119232,-2.5440521,14.512207,1
-6.1255493,-2.5441437,14.522827,1
-6.131836,-2.5442505,14.533325,1
-6.1381836,-2.5442963,14.543579,1
-6.1445923,-2.5442963,14.553589,1
-6.1510925,-2.5442505,14.563477,1
-6.1576843,-2.5441437,14.573608,1
-6.1643066,-2.5440521,14.58374,1
-6.1708984,-2.5439453,14.593872,1
-6.177185,-2.543808,14.60376,1
-6.183197,-2.5435944,14.613525,1
-6.1889343,-2.5433044,14.623535,1
-6.194458,-2.5429077,14.633423,1
-6.199951,-2.5424957,14.643433,1
-6.2054443,-2.542099,14.653442,1
-6.2109985,-2.5416565,14.663208,1
-6.2165833,-2.541153,14.6727295,1
-6.2221985,-2.5406494,14.682251,1
-6.227997,-2.540207,14.691772,1
-6.234009,-2.539795,14.701172,1
-6.23999,-2.5393982,14.710693,1
-6.2464294,-2.5390472,14.720581,1
-6.253357,-2.5387573,14.730591,1
-6.260254,-2.5384521,14.740723,1
-6.2669373,-2.5379944,14.750977,1
-6.2734375,-2.5373993,14.76123,1
-6.2799377,-2.5368042,14.771484,1
-6.286255,-2.5359497,14.78186,1
-6.2923584,-2.534851,14.792236,1
-6.2984314,-2.5337524,14.802734,1
-6.3043823,-2.5324554,14.812744,1
-6.3101807,-2.5309448,14.822632,1
-6.315979,-2.5294495,14.832397,1
-6.3224487,-2.5281982,14.842529,1
-6.329529,-2.5272064,14.853149,1
-6.3366394,-2.5261993,14.86377,1
-6.3441467,-2.5254517,14.875,1
-6.352051,-2.5249481,14.886719,1
-6.3596497,-2.5245056,14.898804,1
-6.3669434,-2.5240936,14.911011,1
-6.374237,-2.523697,14.923218,1
-6.3811035,-2.5231018,14.934814,1
-6.3874817,-2.5223083,14.945801,1
-6.3938904,-2.5214996,14.956787,1
-6.399658,-2.5205536,14.966797,1
-6.4047546,-2.519455,14.975952,1
-6.409851,-2.5183563,14.984985,1
-6.4155273,-2.517456,14.994263,1
-6.4218445,-2.5167542,15.00354,1
-6.428131,-2.5160522,15.012817,1
-6.43515,-2.5155487,15.022827,1
-6.442444,-2.5152435,15.033813,1
-6.449341,-2.5149536,15.0448,1
-6.456238,-2.5146484,15.055786,1
-6.462555,-2.514206,15.066406,1
-6.468231,-2.5135956,15.076538,1
-6.473938,-2.5130005,15.086792,1
-6.4795837,-2.5124054,15.096924,1
-6.485199,-2.511795,15.107056,1
-6.491028,-2.5112457,15.117432,1
-6.4971313,-2.5107574,15.128296,1
-6.503235,-2.510254,15.139038,1
-6.509247,-2.5097046,15.149536,1
-6.5151367,-2.5090942,15.159668,1
-6.521057,-2.5084991,15.169678,1
-6.5270386,-2.5077972,15.17981,1
-6.533142,-2.5070038,15.189941,1
-6.5392456,-2.506195,15.200073,1
-6.545746,-2.5054016,15.210449,1
-6.552185,-2.5046082,15.221313,1
-6.558197,-2.5037994,15.232056,1
-6.563843,-2.5028534,15.242554,1
-6.569153,-2.5017548,15.252808,1
-6.5744934,-2.5005493,15.262695,1
-6.579895,-2.4992523,15.272461,1
-6.5852966,-2.4979553,15.2821045,1
-6.5914917,-2.4967957,15.291992,1
-6.59848,-2.4958038,15.302124,1
-6.6054993,-2.4947968,15.312256,1
-6.6125793,-2.494156,15.32251,1
-6.6197815,-2.4938507,15.332886,1
-6.627655,-2.4935455,15.343872,1
-6.636139,-2.4932556,15.355347,1
-6.6446533,-2.4929504,15.366821,1
-6.652191,-2.4923553,15.377563,1
-6.658783,-2.491455,15.387451,1
-6.664795,-2.490448,15.397095,1
-6.6701965,-2.4893494,15.406494,1
-6.675598,-2.4882507,15.415894,1
-6.6809998,-2.487152,15.425293,1
-6.6866455,-2.4862518,15.434937,1
-6.6925354,-2.48555,15.444946,1
-6.6990356,-2.4851532,15.455444,1
-6.7061462,-2.4850464,15.466187,1
-6.713257,-2.4849548,15.476929,1
-6.720459,-2.4849548,15.487915,1
-6.7277527,-2.4850464,15.499023,1
-6.7350464,-2.4851532,15.510132,1
-6.7413025,-2.4851532,15.52063,1
-6.7464905,-2.4850464,15.530518,1
-6.751709,-2.4849548,15.540405,1
-6.7568054,-2.4847565,15.550293,1
-6.76178,-2.4844513,15.560059,1
-6.7669373,-2.4842072,15.569946,1
-6.7722473,-2.4840088,15.579956,1
-6.7775574,-2.4837952,15.589966,1
-6.7829895,-2.4837036,15.600342,1
-6.7886047,-2.4837036,15.611206,1
-6.7941895,-2.4837036,15.621948,1
-6.8002014,-2.4835968,15.63269,1
-6.8065796,-2.4833984,15.643311,1
-6.812744,-2.4828033,15.65332,1
-6.818634,-2.4817963,15.662842,1
-6.8253784,-2.480545,15.672485,1
-6.833008,-2.4790497,15.682495,1
-6.8406067,-2.4775543,15.692383,1
-6.8485413,-2.475998,15.702026,1
-6.856842,-2.4743958,15.711548,1
-6.865143,-2.4728088,15.721069,1
-6.872589,-2.4714966,15.730103,1
-6.879181,-2.4705048,15.738892,1
-6.88678,-2.470108,15.747681,1
-6.8953857,-2.4703064,15.756714,1
-6.901001,-2.4716492,15.76709,1
-6.903595,-2.4741516,15.778931,1
-6.906189,-2.476654,15.790649,1
-6.9141846,-2.4791565,15.802734,1
-6.927582,-2.481659,15.814941,1
-6.940979,-2.484146,15.827026,1
-6.9541016,-2.4848022,15.838989,1
-6.9668884,-2.4835968,15.850464,1
-6.976837,-2.4821472,15.859131,1
-6.9839478,-2.4804535,15.86499,1
-6.990509,-2.4788513,15.871826,1
-6.9964905,-2.477356,15.879517,1
-7.0025024,-2.4758453,15.887207,1
-7.006836,-2.47406,15.898071,1
-7.009552,-2.4719543,15.911987,1
-7.0122375,-2.4698486,15.925781,1
-7.011688,-2.4674988,15.940063,1
-7.007904,-2.4649048,15.954712,1
-7.0040894,-2.4622955,15.969238,1
-7.003601,-2.4633484,15.97998,1
-7.0064087,-2.468048,15.986938,1
-7.012909,-2.4714966,15.991699,1
-7.023102,-2.473709,15.994385,1
-7.0332947,-2.4759064,15.997192,1
-7.043396,-2.4779968,16.003296,1
-7.053406,-2.4799957,16.012695,1
-7.063385,-2.48201,16.022217,1
-7.0783997,-2.4841003,16.03418,1
-7.0983887,-2.4862976,16.048584,1
-7.1161804,-2.4878998,16.062134,1
-7.1318054,-2.4889069,16.07483,1
-7.143158,-2.489151,16.082031,1
-7.150238,-2.4886475,16.083862,1
-7.1573486,-2.4881592,16.085693,1
-7.164459,-2.4876556,16.087524,1
-7.17041,-2.488205,16.088013,1
-7.1752014,-2.4898071,16.08728,1
-7.1782837,-2.4931488,16.092407,1
-7.1796875,-2.4982452,16.103394,1
-7.1810913,-2.503357,16.114258,1
-7.1832886,-2.506195,16.129639,1
-7.18631,-2.5068054,16.149658,1
-7.1893005,-2.5074005,16.169678,1
-7.192993,-2.5083008,16.187866,1
-7.1973877,-2.5095062,16.204102,1
-7.199005,-2.5098572,16.222168,1
-7.1977844,-2.5093536,16.241943,1
-7.196594,-2.50885,16.26184,1
-7.196289,-2.5086517,16.280518,1
-7.1968994,-2.5087585,16.298218,1
-7.196686,-2.5091553,16.31311,1
-7.1956787,-2.5098572,16.325073,1
-7.194702,-2.510559,16.337036,1
-7.193695,-2.5112457,16.349121,1
-7.193207,-2.5130463,16.358276,1
-7.193207,-2.5159454,16.364746,1
-7.1950073,-2.5189514,16.369995,1
-7.1986084,-2.522049,16.374146,1
-7.202179,-2.5251465,16.378418,1
-7.2066956,-2.5285034,16.382446,1
-7.212097,-2.5321045,16.386475,1
-7.2191467,-2.5356445,16.39209,1
-7.227844,-2.539154,16.399414,1
-7.2365417,-2.5426483,16.406738,1
-7.2461853,-2.5459442,16.416992,1
-7.2568054,-2.549057,16.430298,1
-7.267395,-2.5521545,16.443604,1
-7.2796936,-2.5549011,16.45874,1
-7.293701,-2.5572968,16.47583,1
-7.306793,-2.5589447,16.492188,1
-7.3190002,-2.559845,16.507935,1
-7.33136,-2.560196,16.523193,1
-7.3438416,-2.5599976,16.537842,1
-7.355835,-2.5593567,16.549438,1
-7.36734,-2.558258,16.557983,1
-7.378845,-2.5571442,16.566528,1
-7.3885803,-2.5558014,16.573364,1
-7.3966064,-2.5541992,16.57837,1
-7.4031982,-2.5536041,16.582642,1
-7.408386,-2.5540009,16.586182,1
-7.4125977,-2.556244,16.59082,1
-7.415802,-2.5603485,16.59668,1
-7.4190063,-2.5644531,16.602661,1
-7.4216003,-2.5702515,16.609741,1
-7.423584,-2.5777588,16.618042,1
-7.4244385,-2.5843506,16.632202,1
-7.4241333,-2.5900574,16.652222,1
-7.423828,-2.595749,16.672241,1
-7.424591,-2.6002502,16.692139,1
-7.4263916,-2.6035461,16.712158,1
-7.4278564,-2.6065521,16.732056,1
-7.428955,-2.609253,16.751709,1
-7.4288025,-2.6110992,16.771484,1
-7.4273987,-2.6121063,16.791138,1
-7.4256287,-2.6131592,16.807983,1
-7.4235535,-2.6142578,16.822021,1
-7.420746,-2.6152954,16.834106,1
-7.4172363,-2.6163025,16.844238,1
-7.4137573,-2.6172943,16.854492,1
-7.4118347,-2.6193085,16.862915,1
-7.4115295,-2.6222992,16.869507,1
-7.412445,-2.625351,16.874878,1
-7.414551,-2.6284485,16.878906,1
-7.4166565,-2.631546,16.883057,1
-7.419586,-2.6351013,16.887695,1
-7.425995,-2.6393585,16.894043,1
-7.4349976,-2.6438446,16.90149,1
-7.4440002,-2.648346,16.908936,1
-7.453705,-2.6523438,16.919312,1
-7.464081,-2.6558533,16.932861,1
-7.473938,-2.6589508,16.94629,1
-7.483246,-2.6616516,16.959839,1
-7.493347,-2.6636505,16.972778,1
-7.504242,-2.6649475,16.984985,1
-7.5164795,-2.665802,16.998657,1
-7.5300903,-2.6661987,17.013672,1
-7.543152,-2.6662445,17.028442,1
-7.5556335,-2.6659546,17.042969,1
-7.5681458,-2.6656494,17.057495,1
-7.579193,-2.6649475,17.070068,1
-7.588806,-2.6638489,17.080933,1
-7.5983887,-2.6627502,17.091675,1
-7.607239,-2.6613464,17.099243,1
-7.6153564,-2.6596527,17.103516,1
-7.6234436,-2.657959,17.107788,1
-7.6296997,-2.6571503,17.111694,1
-7.634094,-2.657257,17.11499,1
-7.637329,-2.6589966,17.121338,1
-7.639435,-2.6623993,17.130981,1
-7.6415405,-2.665802,17.140625,1
-7.6448364,-2.6702576,17.151245,1
-7.6474304,-2.6748047,17.167236,1
-7.6481323,-2.6784058,17.187134,1
-7.648834,-2.6820068,17.207153,1
-7.6510315,-2.6853485,17.226562,1
-7.6547546,-2.688446,17.245361,1
-7.6584473,-2.6915588,17.26416,1
-7.6589355,-2.6931,17.28357,1
-7.65625,-2.6931,17.303589,1
-7.6539307,-2.6931458,17.321045,1
-7.6520386,-2.6932526,17.335938,1
-7.6501465,-2.693344,17.35083,1
-7.647705,-2.6931458,17.362915,1
-7.644684,-2.6926575,17.372192,1
-7.641693,-2.692154,17.381592,1
-7.63974,-2.6925507,17.388306,1
-7.638855,-2.6938477,17.392578,1
-7.639679,-2.6958466,17.396362,1
-7.6423035,-2.6985474,17.399414,1
-7.6448975,-2.7012482,17.402588,1
-7.6479797,-2.7052002,17.407349,1
-7.651581,-2.7104034,17.413818,1
-7.6591797,-2.7153473,17.421997,1
-7.670807,-2.720047,17.431763,1
-7.6824036,-2.7247467,17.441528,1
-7.6942444,-2.7291565,17.45459,1
-7.7063293,-2.7332458,17.470947,1
-7.718292,-2.7368011,17.486572,1
-7.7301025,-2.7398071,17.501465,1
-7.742279,-2.7420044,17.515747,1
-7.754883,-2.7434082,17.529297,1
-7.7674866,-2.7447968,17.542847,1
-7.7790833,-2.7459564,17.557129,1
-7.7897034,-2.7468567,17.5719,1
-7.800049,-2.7471466,17.583618,1
-7.81015,-2.7468567,17.592285,1
-7.818939,-2.7461548,17.599487,1
-7.8264465,-2.7450562,17.605225,1
-7.833954,-2.7439575,17.610962,1
-7.841034,-2.7432556,17.61621,1
-7.847748,-2.7429504,17.621094,1
-7.853546,-2.744751,17.626587,1
-7.858429,-2.7486572,17.63269,1
-7.8633423,-2.7525482,17.638794,1
-7.867157,-2.7587585,17.646606,1
-7.8698425,-2.7672577,17.656006,1
-7.8725586,-2.7757568,17.665405,1
-7.873291,-2.7830505,17.677734,1
-7.872101,-2.789154,17.692993,1
-7.8718567,-2.7940063,17.710693,1
-7.872528,-2.7976074,17.730713,1
-7.873108,-2.8009949,17.750732,1
-7.8735046,-2.8041992,17.77063,1
-7.8719788,-2.8062592,17.79065,1
-7.8685913,-2.8071594,17.810669,1
-7.865204,-2.8080444,17.830688,1
-7.8622437,-2.808899,17.847656,1
-7.859741,-2.8097076,17.861694,1
-7.8573303,-2.810501,17.873535,1
-7.8550415,-2.8112946,17.883423,1
-7.8527527,-2.8121033,17.893188,1
-7.851349,-2.8133545,17.901733,1
-7.8518066,-2.815857,17.907593,1
-7.85318,-2.8191528,17.911987,1
-7.8545837,-2.8224487,17.916504,1
-7.8569336,-2.826645,17.921509,1
-7.8602295,-2.8317566,17.92688,1
-7.863556,-2.836853,17.932251,1
-7.8698425,-2.8422546,17.938232,1
-7.8791504,-2.8479462,17.944824,1
-7.8893433,-2.8528442,17.954224,1
-7.9004517,-2.8569489,17.96643,1
-7.9109497,-2.8603516,17.980225,1
-7.9208374,-2.8630524,17.995361,1
-7.932495,-2.865158,18.008667,1
-7.9458923,-2.8666534,18.02002,1
-7.9592896,-2.8681488,18.031494,1
-7.972687,-2.8692474,18.042969,1
-7.986084,-2.8699493,18.054688,1
-7.999481,-2.8706512,18.066406,1
-8.0112,-2.871048,18.077515,1
-8.02121,-2.8711548,18.088013,1
-8.031189,-2.8712463,18.09851,1
-8.040405,-2.8710022,18.107788,1
-8.048798,-2.870407,18.115967,1
-8.057098,-2.8698578,18.124268,1
-8.065308,-2.8693542,18.13269,1
-8.073486,-2.8688507,18.141235,1
-8.082703,-2.869049,18.15039,1
-8.0928955,-2.8699493,18.160278,1
-8.1024475,-2.8715973,18.167236,1
-8.111328,-2.8740082,18.171265,1
-8.120239,-2.8764038,18.175293,1
-8.127106,-2.880005,18.180176,1
-8.131897,-2.8847961,18.185791,1
-8.134827,-2.8896942,18.194336,1
-8.135956,-2.894699,18.20581,1
-8.137054,-2.899704,18.217163,1
-8.137054,-2.9033966,18.23291,1
-8.135956,-2.9058075,18.25293,1
-8.134033,-2.9069061,18.272827,1
-8.131348,-2.9067078,18.292847,1
-8.130035,-2.9064941,18.312256,1
-8.130127,-2.9062958,18.330933,1
-8.129791,-2.9057465,18.346313,1
-8.128998,-2.9048462,18.358398,1
-8.128204,-2.903946,18.370483,1
-8.127502,-2.9031982,18.380981,1
-8.126892,-2.9026031,18.389893,1
-8.126282,-2.902008,18.398804,1
-8.128082,-2.9025574,18.406372,1
-8.132294,-2.904251,18.412476,1
-8.140106,-2.905899,18.418457,1
-8.151489,-2.9075012,18.424438,1
-8.16394,-2.9085999,18.431519,1
-8.177429,-2.909195,18.439575,1
-8.189331,-2.9089508,18.448242,1
-8.199646,-2.9078522,18.45752,1
-8.207794,-2.9057465,18.468018,1
-8.213806,-2.902649,18.47998,1
-8.219788,-2.8995514,18.491821,1
-8.225555,-2.8962555,18.504272,1
-8.231049,-2.892746,18.517334,1
-8.236847,-2.8898468,18.529175,1
-8.24295,-2.887558,18.539917,1
-8.249054,-2.885254,18.550781,1
-8.257935,-2.8836517,18.561523,1
-8.269653,-2.8827515,18.572266,1
-8.281342,-2.8818512,18.582886,1
-8.2942505,-2.8811493,18.592163,1
-8.30835,-2.8806458,18.599854,1
-8.320496,-2.8804016,18.606567,1
-8.330688,-2.8804016,18.612183,1
-8.340881,-2.8804016,18.61792,1
-8.34964,-2.880951,18.623291,1
-8.3559265,-2.8831482,18.629517,1
-8.361237,-2.886444,18.637207,1
-8.364349,-2.888504,18.651001,1
-8.365234,-2.8892975,18.67102,1
-8.366699,-2.8901062,18.69043,1
-8.368683,-2.8908997,18.709473,1
-8.370697,-2.891693,18.728516,1
-8.370544,-2.8916016,18.744629,1
-8.368225,-2.8905945,18.758057,1
-8.366241,-2.8898468,18.76941,1
-8.364532,-2.8893433,18.778687,1
-8.3628235,-2.888855,18.787964,1
-8.362671,-2.8894043,18.796143,1
-8.364075,-2.8910065,18.803223,1
-8.368591,-2.8930511,18.809814,1
-8.37619,-2.8955536,18.815918,1
-8.383789,-2.898056,18.822144,1
-8.394226,-2.9003448,18.829956,1
-8.407532,-2.9024506,18.839355,1
-8.421631,-2.9037476,18.847412,1
-8.436523,-2.904251,18.854126,1
-8.45108,-2.9040527,18.860474,1
-8.465271,-2.9031525,18.866577,1
-8.479492,-2.9022522,18.87268,1
-8.492645,-2.901245,18.878418,1
-8.50473,-2.9001465,18.883667,1
-8.515228,-2.8991547,18.890747,1
-8.524139,-2.8982544,18.899536,1
-8.533051,-2.8973541,18.908325,1
-8.539642,-2.896347,18.920288,1
-8.543945,-2.8952484,18.935425,1
-8.548523,-2.894043,18.950806,1
-8.553436,-2.892746,18.96643,1
-8.55835,-2.891449,18.981934,1
-8.562744,-2.8896027,18.996216,1
-8.56665,-2.887207,19.009033,1
-8.57019,-2.8843536,19.02124,1
-8.573395,-2.8810577,19.032959,1
-8.576599,-2.8777466,19.044678,1
-8.579987,-2.8744965,19.056274,1
-8.583588,-2.8713074,19.067871,1
-8.588745,-2.869049,19.079224,1
-8.595428,-2.867752,19.090332,1
-8.605621,-2.8674011,19.101074,1
-8.619324,-2.8679962,19.111328,1
-8.63269,-2.8681946,19.120483,1
-8.645691,-2.8679962,19.128296,1
-8.658691,-2.8677979,19.13623,1
-8.668732,-2.8668976,19.142822,1
-8.675842,-2.8652954,19.14795,1
-8.682343,-2.8639526,19.152344,1
-8.688232,-2.862854,19.156006,1
-8.694122,-2.8617554,19.159546,1
-8.70224,-2.8618011,19.164185,1
-8.712524,-2.8630066,19.1698,1
-8.7187195,-2.8648987,19.182617,1
-8.720825,-2.8674927,19.202515,1
-8.72113,-2.8690033,19.222534,1
-8.719635,-2.8694,19.242554,1
-8.71814,-2.8697968,19.262573,1
-8.715118,-2.8696442,19.280273,1
-8.710632,-2.8689575,19.295776,1
-8.70694,-2.8682556,19.309814,1
-8.704041,-2.8675537,19.322266,1
-8.703125,-2.8677979,19.332153,1
-8.704224,-2.8690033,19.339355,1
-8.705322,-2.8701935,19.346558,1
-8.70639,-2.872345,19.352173,1
-8.707367,-2.8754425,19.356323,1
-8.709839,-2.879898,19.36023,1
-8.713715,-2.8856964,19.36377,1
-8.719543,-2.891693,19.369995,1
-8.727234,-2.8979034,19.378784,1
-8.734924,-2.9040985,19.387573,1
-8.744843,-2.9097443,19.399292,1
-8.7569275,-2.914856,19.413818,1
-8.771576,-2.9197998,19.429077,1
-8.788788,-2.9246063,19.444702,1
-8.805969,-2.9293976,19.46045,1
-8.82309,-2.9337463,19.474731,1
-8.840088,-2.9376526,19.48767,1
-8.856079,-2.940796,19.499268,1
-8.869873,-2.9425964,19.507568,1
-8.882477,-2.9438019,19.513672,1
-8.895081,-2.9450073,19.519775,1
-8.905273,-2.9461975,19.523438,1
-8.91153,-2.9481049,19.524414,1
-8.916229,-2.9506989,19.525146,1
-8.920929,-2.9532928,19.525879,1
-8.925079,-2.9573975,19.529907,1
-8.92868,-2.9629974,19.537476,1
-8.932434,-2.9687958,19.549438,1
-8.93634,-2.9747925,19.56604,1
-8.940216,-2.9808044,19.582642,1
-8.942841,-2.9856567,19.600952,1
-8.944122,-2.9893494,19.620972,1
-8.944641,-2.9918976,19.640991,1
-8.944336,-2.9933014,19.66101,1
-8.944031,-2.9947052,19.68103,1
-8.942474,-2.995453,19.699585,1
-8.939667,-2.9955444,19.716797,1
-8.93689,-2.9956512,19.734009,1
-8.934479,-2.9960938,19.74768,1
-8.932465,-2.9969025,19.75769,1
-8.931488,-2.9976501,19.765137,1
-8.931488,-2.998352,19.769775,1
-8.931976,-3.0001068,19.774658,1
-8.93573,-3.0036469,19.78003,1
-8.944641,-3.0076447,19.788452,1
-8.955719,-3.0103455,19.801025,1
-8.966614,-3.0120544,19.815308,1
-8.9782715,-3.0133514,19.829468,1
-8.993164,-3.0144043,19.84314,1
-9.009216,-3.015503,19.85376,1
-9.021118,-3.0161438,19.85962,1
-9.029266,-3.0169067,19.862427,1
-9.03598,-3.0198517,19.866455,1
-9.042175,-3.0245514,19.87207,1
-9.047119,-3.029602,19.882324,1
-9.051025,-3.033493,19.899658,1
-9.052734,-3.0350494,19.919556,1
-9.049316,-3.0348053,19.937134,1
-9.044128,-3.0335999,19.951538,1
-9.039825,-3.0323944,19.964966,1
-9.036621,-3.0319061,19.977295,1
-9.037872,-3.0333557,19.986328,1
-9.04248,-3.0360565,19.993042,1
-9.047089,-3.038742,19.999756,1
-9.059265,-3.0416565,20.007446,1
-9.079071,-3.044754,20.016235,-1
-9.0989685,-3.0471497,20.022339,-1
-9.118988,-3.0488434,20.025757,-1
-9.135468,-3.050293,20.029541,-1
-9.148468,-3.0514984,20.033813,-1
-9.1614685,-3.0527039,20.037964,-1
-9.171539,-3.0545502,20.041016,-1
-9.178619,-3.0570526,20.042969,-1
-9.184265,-3.0602417,20.047485,-1
-9.188477,-3.064148,20.054688,-1
-9.19043,-3.0660553,20.068237,-1
-9.19043,-3.064804,20.088257,-1
-9.190735,-3.0623932,20.108276,-1
-9.190918,-3.0605927,20.128296,-1
-9.19104,-3.0594025,20.148315,-1
-9.190887,-3.0587463,20.166992,-1
-9.190491,-3.0586548,20.18457,-1
-9.18988,-3.0592957,20.199219,-1
-9.189087,-3.0606995,20.211182,-1
-9.188263,-3.0621033,20.223022,-1
-9.187683,-3.0650024,20.23169,-1
-9.187286,-3.069397,20.237183,-1
-9.1875305,-3.0742493,20.241455,-1
-9.188416,-3.079544,20.244263,-1
-9.190582,-3.0857544,20.247925,-1
-9.19397,-3.0928497,20.252075,-1
-9.200317,-3.1002502,20.258667,-1
-9.209625,-3.107956,20.267822,-1
-9.221985,-3.1152039,20.279053,-1
-9.237366,-3.121994,20.29248,-1
-9.252777,-3.1287994,20.305908,-1
-9.269684,-3.1347504,20.317627,-1
-9.288086,-3.1398468,20.32788,-1
-9.306793,-3.1441956,20.337524,-1
-9.325775,-3.1477966,20.346436,-1
-9.344788,-3.1513977,20.355469,-1
-9.362488,-3.1544495,20.36499,-1
-9.378876,-3.156952,20.375122,-1
-9.392792,-3.159256,20.3833,-1
-9.404175,-3.1613464,20.389648,-1
-9.414246,-3.1631012,20.394043,-1
-9.422943,-3.164505,20.396484,-1
-9.431641,-3.1658936,20.399048,-1
-9.438995,-3.1687927,20.401123,-1
-9.444977,-3.1732025,20.402832,-1
-9.448486,-3.1797028,20.406982,-1
-9.449493,-3.1882935,20.413696,-1
-9.449097,-3.1959991,20.424438,-1
-9.447296,-3.2028046,20.439209,-1
-9.445496,-3.2095947,20.454102,-1
-9.443573,-3.2147522,20.471436,-1
-9.441589,-3.2182465,20.491455,-1
-9.439392,-3.220993,20.511475,-1
-9.436981,-3.222992,20.531494,-1
-9.43457,-3.225006,20.551514,-1
-9.432831,-3.2268066,20.570923,-1
-9.431732,-3.2283936,20.589966,-1
-9.430634,-3.2299957,20.609009,-1
-9.428375,-3.2312927,20.624268,-1
-9.424988,-3.2322998,20.635742,-1
-9.422485,-3.2337952,20.64392,-1
-9.420898,-3.235794,20.648682,-1
-9.421478,-3.2383423,20.652344,-1
-9.424286,-3.241455,20.654907,-1
-9.4270935,-3.2445526,20.657593,-1
-9.431091,-3.2480469,20.661743,-1
-9.437439,-3.2521057,20.669312,-1
-9.444946,-3.2563019,20.67871,-1
-9.454346,-3.260254,20.689209,-1
-9.465637,-3.2639465,20.70105,-1
-9.476929,-3.2676544,20.71289,-1
-9.489624,-3.271103,20.725586,-1
-9.503723,-3.274292,20.739136,-1
-9.518127,-3.2773438,20.751709,-1
-9.532837,-3.280243,20.763428,-1
-9.547577,-3.282898,20.774902,-1
-9.562378,-3.2852936,20.786255,-1
-9.577179,-3.2877045,20.797607,-1
-9.591034,-3.2896423,20.807861,-1
-9.603943,-3.291153,20.816895,-1
-9.614838,-3.2922516,20.824585,-1
-9.623718,-3.2929535,20.830933,-1
-9.631226,-3.2934418,20.83545,-1
-9.637329,-3.293747,20.838013,-1
-9.643097,-3.2949982,20.840576,-1
-9.648468,-3.2971954,20.843018,-1
-9.65387,-3.2993927,20.845337,-1
-9.658295,-3.3031006,20.849976,-1
-9.661682,-3.3083038,20.856812,-1
-9.662842,-3.3127441,20.869629,-1
-9.661743,-3.316452,20.888672,-1
-9.660645,-3.3201447,20.907715,-1
-9.658325,-3.3229523,20.927124,-1
-9.654846,-3.3248444,20.947144,-1
-9.65213,-3.3264923,20.967041,-1
-9.650238,-3.327896,20.986816,-1
-9.649231,-3.3291016,21.006104,-1
-9.649139,-3.3300934,21.024658,-1
-9.649048,-3.3311005,21.043213,-1
-9.6484375,-3.3318481,21.060059,-1
-9.647339,-3.3323517,21.075073,-1
-9.646271,-3.3327026,21.087036,-1
-9.645294,-3.332901,21.09607,-1
-9.644287,-3.3330994,21.105103,-1
-9.643524,-3.3334503,21.112427,-1
-9.643036,-3.3339539,21.118164,-1
-9.644348,-3.3349915,21.123413,-1
-9.64743,-3.3365936,21.128296,-1
-9.650543,-3.3381958,21.133179,-1
-9.654846,-3.340744,21.13916,-1
-9.660339,-3.3442535,21.146362,-1
-9.668549,-3.347641,21.154053,-1
-9.679443,-3.3509521,21.162354,-1
-9.690338,-3.354248,21.170654,-1
-9.700531,-3.3571472,21.180908,-1
-9.710022,-3.3596497,21.193115,-1
-9.719574,-3.3615417,21.204102,-1
-9.729187,-3.362854,21.21399,-1
-9.73877,-3.364151,21.223877,-1
-9.7473755,-3.3648987,21.234985,-1
-9.754669,-3.3650513,21.246948,-1
-9.761688,-3.3651428,21.258545,-1
-9.768677,-3.3652496,21.270142,-1
-9.776367,-3.3652039,21.281128,-1
-9.784088,-3.3650513,21.29126,-1
-9.791077,-3.3649445,21.300903,-1
-9.798096,-3.364853,21.310669,-1
-9.805115,-3.3647919,21.321411,-1
-9.812225,-3.3647919,21.333374,-1
-9.819366,-3.3648987,21.345825,-1
-9.826569,-3.365097,21.358765,-1
-9.833771,-3.3652954,21.371826,-1
-9.839935,-3.3652496,21.383057,-1
-9.845032,-3.3649445,21.392822,-1
-9.84903,-3.3643494,21.402466,-1
-9.851929,-3.363449,21.41211,-1
-9.854828,-3.362091,21.422241,-1
-9.857727,-3.3602905,21.433105,-1
-9.860626,-3.3585052,21.443848,-1
-9.862396,-3.3564453,21.455566,-1
-9.862976,-3.3541412,21.468262,-1
-9.863892,-3.3518524,21.480835,-1
-9.865082,-3.3495483,21.493164,-1
-9.866943,-3.3473969,21.505249,-1
-9.869446,-3.345398,21.517212,-1
-9.871979,-3.3435974,21.529541,-1
-9.874573,-3.3419952,21.542114,-1
-9.877167,-3.340393,21.55481,-1
-9.880066,-3.3389435,21.567383,-1
-9.88327,-3.3376465,21.580078,-1
-9.8862915,-3.3363953,21.59253,-1
-9.889069,-3.335205,21.604736,-1
-9.891937,-3.3340912,21.617065,-1
-9.894836,-3.3330994,21.629517,-1
-9.897736,-3.3320923,21.641846,-1
-9.901093,-3.3313446,21.65393,-1
-9.904877,-3.330841,21.665771,-1
-9.909027,-3.3306427,21.677979,-1
-9.913544,-3.3307495,21.690552,-1
-9.91803,-3.330841,21.703125,-1
-9.922546,-3.3309937,21.715942,-1
-9.927032,-3.331192,21.729004,-1
-9.931732,-3.3304443,21.743042,-1
-9.9366455,-3.3287506,21.758057,-1
-9.939575,-3.325348,21.77295,-1
-9.940582,-3.3202515,21.787354,-1
-9.941589,-3.315155,21.80188,-1
-9.942444,-3.3089905,21.815063,-1
-9.943146,-3.3018036,21.82666,-1
-9.94397,-3.295044,21.837524,-1
-9.944977,-3.288742,21.847534,-1
-9.945984,-3.2824402,21.857544,-1
-9.946533,-3.2783508,21.866821,-1
-9.946625,-3.2764435,21.875122,-1
-9.950195,-3.2771454,21.883911,-1
-9.957184,-3.2804413,21.892822,-1
-9.965393,-3.2847443,21.904541,-1
-9.9747925,-3.2900543,21.918945,-1
-9.984192,-3.2953491,21.93335,-1
-9.993195,-3.300293,21.946777,-1
-10.00177,-3.3049011,21.959106,-1
-10.008789,-3.307953,21.970947,-1
-10.014191,-3.3094482,21.982178,-1
-10.0190735,-3.3089447,21.99414,-1
-10.023499,-3.3064423,22.006958,-1
-10.027222,-3.3026428,22.019531,-1
-10.030334,-3.2975464,22.03186,-1
-10.034241,-3.2915497,22.043945,-1
-10.03894,-3.2846527,22.055786,-1
-10.04364,-3.2777405,22.067749,-1
-10.047546,-3.2708435,22.079468,-1
-10.050049,-3.26474,22.089722,-1
-10.051941,-3.2594452,22.098389,-1
-10.053833,-3.2541504,22.107056,-1
-10.057922,-3.249405,22.11499,-1
-10.0642395,-3.2451935,22.121948,-1
-10.069794,-3.242752,22.130981,-1
-10.074585,-3.2420502,22.141968,-1
-10.0802,-3.2433472,22.153564,-1
-10.086578,-3.246643,22.165771,-1
-10.094391,-3.2511902,22.178833,-1
-10.103973,-3.2566528,22.192017,-1
-10.113983,-3.2617493,22.204346,-1
-10.121796,-3.265747,22.214844,-1
-10.12738,-3.2686462,22.223633,-1
-10.132538,-3.2700958,22.231812,-1
-10.137238,-3.2700958,22.239136,-1
-10.141174,-3.269043,22.24878,-1
-10.144379,-3.2669525,22.26062,-1
-10.147247,-3.263794,22.272827,-1
-10.150543,-3.2597046,22.285889,-1
-10.154633,-3.2556915,22.299316,-1
-10.158722,-3.2516937,22.312622,-1
-10.163422,-3.248352,22.32727,-1
-10.169739,-3.2463531,22.342163,-1
-10.177032,-3.245041,22.356567,-1
-10.183685,-3.2432404,22.368774,-1
-10.189697,-3.2409515,22.37915,-1
-10.193787,-3.2381897,22.388794,-1
-10.195984,-3.2350006,22.39795,-1
-10.198883,-3.2317505,22.40747,-1
-10.202484,-3.2284546,22.41748,-1
-10.2065735,-3.2252502,22.426025,-1
-10.210419,-3.222351,22.43335,-1
-10.2135315,-3.2196503,22.440552,-1
-10.217377,-3.2176971,22.449463,-1
-10.221985,-3.2164917,22.459717,-1
-10.226593,-3.2153015,22.46997,-1
-10.232422,-3.2151031,22.482544,-1
-10.239532,-3.2158966,22.497314,-1
-10.246979,-3.2174988,22.512817,-1
-10.25473,-3.2200928,22.529053,-1
-10.262695,-3.2229004,22.545166,-1
-10.270874,-3.2256927,22.561157,-1
-10.277588,-3.2281952,22.57544,-1
-10.282776,-3.2303925,22.58789,-1
-10.2872925,-3.231903,22.5979,-1
-10.291077,-3.2326965,22.605713,-1
-10.2951355,-3.2327423,22.61206,-1
-10.299438,-3.2320404,22.6167,-1
-10.302521,-3.2310944,22.62207,-1
-10.304443,-3.229889,22.628052,-1
-10.306335,-3.2286987,22.634033,-1
-10.309174,-3.227539,22.641235,-1
-10.312988,-3.2264404,22.649536,-1
-10.317535,-3.2254486,22.659912,-1
-10.322845,-3.2245483,22.672607,-1
-10.328125,-3.223648,22.68518,-1
-10.334045,-3.222702,22.698486,-1
-10.340332,-3.2216492,22.714722,-1
-10.346436,-3.2205505,22.733032,-1
-10.352936,-3.2189941,22.750488,-1
-10.359833,-3.2169952,22.767212,-1
-10.365723,-3.2145996,22.782104,-1
-10.370636,-3.211792,22.795166,-1
-10.375519,-3.2089996,22.80835,-1
-10.379028,-3.2056427,22.82019,-1
-10.381134,-3.2017517,22.830933,-1
-10.383789,-3.197403,22.84082,-1
-10.386993,-3.1925964,22.849854,-1
-10.3888855,-3.1881409,22.858154,-1
-10.389496,-3.1840515,22.865356,-1
-10.392029,-3.1803894,22.873657,-1
-10.396545,-3.1772003,22.88269,-1
-10.401794,-3.174942,22.894165,-1
-10.407776,-3.173645,22.907959,-1
-10.415436,-3.1735382,22.921143,-1
-10.424744,-3.174652,22.93396,-1
-10.434143,-3.1767883,22.94751,-1
-10.443634,-3.1799927,22.961792,-1
-10.453278,-3.183548,22.975708,-1
-10.463074,-3.187439,22.988892,-1
-10.472168,-3.190689,23.000732,-1
-10.480591,-3.1932983,23.01123,-1
-10.488983,-3.1958923,23.021729,-1
-10.495422,-3.197647,23.03125,-1
-10.499939,-3.1985474,23.04004,-1
-10.503693,-3.1987457,23.047241,-1
-10.506683,-3.1982422,23.052856,-1
-10.510345,-3.1971436,23.060791,-1
-10.514618,-3.1954498,23.0708,-1
-10.519043,-3.193039,23.082153,-1
-10.523529,-3.1899414,23.095093,-1
-10.52829,-3.1863403,23.107666,-1
-10.533295,-3.182251,23.119873,-1
-10.538483,-3.1776428,23.13208,-1
-10.543884,-3.1725464,23.14441,-1
-10.549927,-3.1670532,23.15625,-1
-10.556641,-3.161148,23.167603,-1
-10.562195,-3.1549988,23.178589,-1
-10.566589,-3.14859,23.188965,-1
-10.570984,-3.1421967,23.19934,-1
-10.575836,-3.136444,23.210083,-1
-10.581116,-3.1313477,23.22107,-1
-10.587067,-3.1264954,23.232422,-1
-10.593689,-3.1219025,23.24414,-1
-10.599487,-3.1177979,23.255615,-1
-10.604492,-3.1141968,23.26709,-1
-10.610046,-3.1113434,23.277832,-1
-10.616119,-3.109253,23.288086,-1
-10.622192,-3.1078033,23.29956,-1
-10.628174,-3.1069946,23.312378,-1
-10.63269,-3.107193,23.322754,-1
-10.635681,-3.1083984,23.33081,-1
-10.640289,-3.1101532,23.340698,-1
-10.646484,-3.112442,23.352783,-1
-10.653595,-3.114441,23.365723,-1
-10.661591,-3.11615,23.379639,-1
-10.669128,-3.117096,23.39209,-1
-10.676239,-3.1172943,23.403198,-1
-10.683289,-3.1159973,23.41504,-1
-10.690277,-3.1131897,23.42749,-1
-10.69577,-3.1091003,23.438232,-1
-10.699768,-3.1036987,23.447144,-1
-10.709076,-3.1009521,23.458862,-1
-10.723694,-3.1008453,23.473267,-1
-10.738281,-3.1007538,23.487793,-1
-10.745819,-3.09935,23.498291,-1
-10.746338,-3.0966492,23.504639,-1
-10.751434,-3.0966492,23.51477,-1
-10.761139,-3.09935,23.528687,-1
-10.770782,-3.1035461,23.54309,-1
-10.780365,-3.109253,23.558105,-1
-10.788635,-3.1138,23.5708,-1
-10.795532,-3.1172028,23.581055,-1
-10.801178,-3.1195984,23.590698,-1
-10.8055725,-3.1210022,23.599731,-1
-10.809479,-3.121643,23.609741,-1
-10.812866,-3.1215515,23.620728,-1
-10.817322,-3.1206512,23.632812,-1
-10.822815,-3.1189423,23.645874,-1
-10.82782,-3.116394,23.659546,-1
-10.832336,-3.1129913,23.67395,-1
-10.834869,-3.108841,23.687134,-1
-10.83548,-3.1039429,23.69934,-1
-10.836578,-3.09935,23.71045,-1
-10.838165,-3.095047,23.720337,-1
-10.840576,-3.091446,23.729248,-1
-10.8437805,-3.0885468,23.737427,-1
-10.849274,-3.0869904,23.748047,-1
-10.857086,-3.086792,23.761353,-1
-10.864685,-3.0872955,23.772583,-1
-10.87207,-3.088501,23.781738,-1
-10.879486,-3.0896912,23.790771,-1
-10.887817,-3.0914917,23.799805,-1
-10.898285,-3.0946503,23.810547,-1
-10.909882,-3.0985413,23.82312,-1
-10.921478,-3.1024475,23.835693,-1
-10.931641,-3.106247,23.847168,-1
-10.940338,-3.1099396,23.8573,-1
-10.94754,-3.1130981,23.86621,-1
-10.951477,-3.1152039,23.876343,-1
-10.953674,-3.1167908,23.888794,-1
-10.954437,-3.117752,23.904541,-1
-10.953735,-3.118042,23.923584,-1
-10.952179,-3.118103,23.942993,-1
-10.949768,-3.1178894,23.963013,-1
-10.947235,-3.1177979,23.979492,-1
-10.944519,-3.1177979,23.992554,-1
-10.942078,-3.118393,24.002808,-1
-10.93988,-3.1195984,24.010498,-1
-10.937683,-3.1208038,24.018066,-1
-10.937164,-3.1231537,24.024414,-1
-10.938385,-3.126648,24.029663,-1
-10.939575,-3.1301422,24.034912,-1
-10.940765,-3.1336517,24.04004,-1
-10.941986,-3.137146,24.045288,-1
-10.943176,-3.1406403,24.050415,-1
-10.944366,-3.1441498,24.055664,-1
-10.945587,-3.147644,24.060791,-1
-10.946777,-3.1511536,24.06604,-1
-10.947968,-3.1546478,24.07129,-1
-10.949188,-3.158142,24.076416,-1
-10.950378,-3.1616516,24.081665,-1
-10.951569,-3.1651459,24.086792,-1
-10.952759,-3.1686401,24.092041,-1
-10.9539795,-3.1721497,24.09729,-1
-10.95517,-3.175644,24.102417,-1
-10.95636,-3.1791534,24.107666,-1
-10.957581,-3.1826477,24.112793,-1
-10.958771,-3.186142,24.118042,-1
-10.959961,-3.1896515,24.123291,-1
-10.961182,-3.1931458,24.128418,-1
-10.962372,-3.19664,24.133667,-1
-10.963562,-3.2001495,24.138794,-1
-10.964783,-3.2036438,24.144043,-1
-10.965973,-3.2071533,24.149292,-1
-10.967163,-3.2106476,24.154419,-1
-10.968384,-3.2141418,24.159668,-1
-10.969574,-3.2176514,24.164795,-1
-10.970764,-3.2211456,24.170044,-1
-10.971954,-3.22464,24.175293,-1
-10.973175,-3.2281494,24.18042,-1
-10.974365,-3.2316437,24.185669,-1
-10.975555,-3.2351532,24.190796,-1
-10.976776,-3.2386475,24.196045,-1
-10.977966,-3.2421417,24.201172,-1
-10.9791565,-3.2456512,24.20642,-1
-10.980377,-3.2491455,24.21167,-1
-10.981567,-3.2526398,24.216797,-1
-10.982758,-3.2561493,24.222046,-1
-10.983978,-3.2596436,24.227173,-1
-10.985168,-3.263153,24.232422,-1
-10.986359,-3.2666473,24.23767,-1
-10.987579,-3.2701416,24.242798,-1
-10.98877,-3.2736511,24.248047,-1
-10.98996,-3.2771454,24.253174,-1
-10.99115,-3.2806396,24.258423,-1
-10.992371,-3.2841492,24.263672,-1
-10.993561,-3.2876434,24.268799,-1
-10.994751,-3.291153,24.274048,-1
-10.995972,-3.2946472,24.279175,-1
-10.997162,-3.2981415,24.284424,-1
-10.998352,-3.301651,24.289673,-1
-10.999573,-3.3051453,24.2948,-1
-11.000763,-3.3086395,24.300049,-1
-11.001953,-3.312149,24.305176,-1
-11.003174,-3.3156433,24.310425,-1
-11.004364,-3.3191528,24.315674,-1
-11.005554,-3.322647,24.3208,-1
-11.006775,-3.3261414,24.32605,-1
-11.007965,-3.3296509,24.331177,-1
-11.009155,-3.3331451,24.336426,-1
-11.010345,-3.3366394,24.341675,-1
-11.011566,-3.340149,24.346802,-1
-11.012756,-3.3436432,24.35205,-1
-11.013947,-3.3471527,24.357178,-1
-11.015167,-3.350647,24.362427,-1
-11.016357,-3.3541412,24.367676,-1
-11.017548,-3.3576508,24.372803,-1
-11.018768,-3.361145,24.378052,-1
-11.0199585,-3.3646393,24.383179,-1
-11.021149,-3.3681488,24.388428,-1
-11.022369,-3.371643,24.393555,-1
-11.02356,-3.3751526,24.398804,-1
-11.02475,-3.3786469,24.404053,-1
-11.02594,-3.382141,24.40918,-1
-11.027161,-3.3856506,24.414429,-1
-11.028351,-3.389145,24.419556,-1
-11.029541,-3.3926392,24.424805,-1
-11.030762,-3.3961487,24.430054,-1
-11.031952,-3.399643,24.43518,-1
-11.033142,-3.4031525,24.44043,-1
-11.034363,-3.4066467,24.445557,-1
-11.035553,-3.410141,24.450806,-1
-11.036743,-3.4136505,24.456055,-1
-11.037964,-3.4171448,24.461182,-1
-11.039154,-3.420639,24.46643,-1
-11.040344,-3.4241486,24.471558,-1
-11.041565,-3.4276428,24.476807,-1
-11.042755,-3.4311523,24.482056,-1
-11.043945,-3.4346466,24.487183,-1
-11.045166,-3.4381409,24.492432,-1
-11.046356,-3.4416504,24.497559,-1
-11.047546,-3.4451447,24.502808,-1
-11.048737,-3.448639,24.508057,-1
-11.049957,-3.4521484,24.513184,-1
-11.051147,-3.4556427,24.518433,-1
-11.052338,-3.4591522,24.52356,-1
-11.053558,-3.4626465,24.528809,-1
-11.054749,-3.4661407,24.533936,-1
-11.055939,-3.4696503,24.539185,-1
-11.057159,-3.4731445,24.544434,-1
-11.05835,-3.4766388,24.54956,-1
-11.05954,-3.4801483,24.55481,-1
-11.0607605,-3.4836426,24.559937,-1
-11.061951,-3.487152,24.565186,-1
-11.063141,-3.4906464,24.570435,-1
-11.064362,-3.4941406,24.575562,-1
-11.065552,-3.4976501,24.58081,-1
-11.066742,-3.5011444,24.585938,-1
-11.067932,-3.5046387,24.591187,-1
-11.069153,-3.5081482,24.596436,-1
-11.070343,-3.5116425,24.601562,-1
-11.071533,-3.515152,24.606812,-1
-11.072754,-3.5186462,24.611938,-1
-11.073944,-3.5221405,24.617188,-1
-11.075134,-3.52565,24.622437,-1
-11.076355,-3.5291443,24.627563,-1
-11.077545,-3.5326385,24.632812,-1
-11.078735,-3.536148,24.63794,-1
-11.079956,-3.5396423,24.643188,-1
-11.081146,-3.5431519,24.648438,-1
-11.082336,-3.546646,24.653564,-1
-11.083557,-3.5501404,24.658813,-1
-11.084747,-3.55365,24.66394,-1
-11.0859375,-3.5571442,24.66919,-1
-11.087128,-3.5606384,24.674438,-1
-11.088348,-3.564148,24.679565,-1
-11.089539,-3.5676422,24.684814,-1
-11.090729,-3.5711517,24.689941,-1
-11.091949,-3.574646,24.69519,-1
-11.09314,-3.5781403,24.70044,-1
-11.09433,-3.5816498,24.705566,-1
-11.095551,-3.585144,24.710815,-1
-11.096741,-3.5886383,24.715942,-1
-11.097931,-3.5921478,24.721191,-1
-11.099152,-3.595642,24.726318,-1
-11.100342,-3.5991516,24.731567,-1
-11.101532,-3.6026459,24.736816,-1
-11.102753,-3.6061401,24.741943,-1
-11.103943,-3.6096497,24.747192,-1
-11.105133,-3.613144,24.75232,-1
-11.106323,-3.6166382,24.757568,-1
-11.107544,-3.6201477,24.762817,-1
-11.108734,-3.623642,24.767944,-1
-11.109924,-3.6271515,24.773193,-1
-11.111145,-3.6306458,24.77832,-1
-11.112335,-3.63414,24.78357,-1
-11.113525,-3.6376495,24.788818,-1
-11.114746,-3.6411438,24.793945,-1
-11.115936,-3.644638,24.799194,-1
-11.117126,-3.6481476,24.804321,-1
-11.118347,-3.6516418,24.80957,-1
-11.119537,-3.6551514,24.81482,-1
-11.120728,-3.6586456,24.819946,-1
-11.121948,-3.66214,24.825195,-1
-11.123138,-3.6656494,24.830322,-1
-11.124329,-3.6691437,24.835571,-1
-11.125519,-3.672638,24.84082,-1
-11.1267395,-3.6761475,24.845947,-1
-11.12793,-3.6796417,24.851196,-1
-11.12912,-3.6831512,24.856323,-1
-11.130341,-3.6866455,24.861572,-1
-11.131531,-3.6901398,24.8667,-1
-11.132721,-3.6936493,24.871948,-1
-11.133942,-3.6971436,24.877197,-1
-11.135132,-3.7006378,24.882324,-1
-11.136322,-3.7041473,24.887573,-1
-11.137543,-3.7076416,24.8927,-1
-11.138733,-3.7111511,24.89795,-1
-11.139923,-3.7146454,24.903198,-1
-11.141113,-3.7181396,24.908325,-1
-11.142334,-3.7216492,24.913574,-1
-11.143524,-3.7251434,24.918701,-1
-11.144714,-3.7286377,24.92395,-1
-11.145935,-3.7321472,24.9292,-1
-11.147125,-3.7356415,24.934326,-1
-11.148315,-3.739151,24.939575,-1
-11.149536,-3.7426453,24.944702,-1
-11.150726,-3.7461395,24.949951,-1
-11.1519165,-3.749649,24.9552,-1
-11.153137,-3.7531433,24.960327,-1
-11.154327,-3.7566376,24.965576,-1
-11.155518,-3.760147,24.970703,-1
-11.156738,-3.7636414,24.975952,-1
-11.157928,-3.7671509,24.981201,-1
-11.159119,-3.7706451,24.986328,-1
-11.160339,-3.7741394,24.991577,-1
-11.16153,-3.777649,24.996704,-1
-11.16272,-3.7811432,25.001953,-1
-11.16391,-3.7846375,25.007202,-1
-11.165131,-3.788147,25.01233,-1
-11.166321,-3.7916412,25.017578,-1
-11.167511,-3.7951508,25.022705,-1
-11.168732,-3.798645,25.027954,-1
-11.169922,-3.8021393,25.033081,-1
-11.171112,-3.8056488,25.03833,-1
-11.172333,-3.809143,25.04358,-1
-11.173523,-3.8126373,25.048706,-1
-11.174713,-3.8161469,25.053955,-1
-11.175934,-3.819641,25.059082,-1
-11.177124,-3.8231506,25.064331,-1
-11.178314,-3.826645,25.06958,-1
-11.179535,-3.8301392,25.074707,-1
-11.180725,-3.8336487,25.079956,-1
-11.181915,-3.837143,25.085083,-1
-11.183105,-3.8406372,25.090332,-1
-11.184326,-3.8441467,25.095581,-1
